[
  {
    "brokerTicker": "BARBK",
    "axeType": "BAXE_AMER",
    "axeId": -144369681,
    "touchCount": 1,
    "scope": "P",
    "status": "A ",
    "secIdType": "4",
    "secId": "US14448CAS35",
    "aladdinId": "14448CAS3",
    "tranType": "BID",
    "actualSize": 5000000,
    "source": "BARXIOI",
    "brokerCode": 1213,
    "priceType": "S",
    "benchId": "US912810SZ21",
    "benchIdType": "4",
    "benchAladdinId": "912810SZ2",
    "submittedBy": "tsgops",
    "effectiveTime": "2021-12-03T17:29:55.000Z",
    "modifiedBy": "tsgops  ",
    "modifiedTime": "2021-12-03T17:29:55.976Z",
    "naturalFlag": "N",
    "expiryType": "GTD",
    "expiryTime": null,
    "createdBy": "tsgops  ",
    "createdTime": "2021-12-03T17:29:55.980Z",
    "ecnAxeId": "708806786~BLACKROCK_AXEINV~2291132854091"
  },
  {
    "brokerTicker": "BARBK",
    "axeType": "BAXE_AMER",
    "axeId": -164298281,
    "touchCount": 1,
    "scope": "P",
    "status": "A ",
    "secIdType": "4",
    "secId": "US14448CAS35",
    "aladdinId": "14448CAS3",
    "tranType": "OFFER",
    "actualSize": 1305000,
    "source": "BARXIOI",
    "brokerCode": 1213,
    "priceType": "S",
    "benchId": "US912810SZ21",
    "benchIdType": "4",
    "benchAladdinId": "912810SZ2",
    "submittedBy": "tsgops",
    "effectiveTime": "2021-12-01T17:26:57.000Z",
    "modifiedBy": "tsgops  ",
    "modifiedTime": "2021-12-01T17:26:57.762Z",
    "naturalFlag": "N",
    "expiryType": "GTD",
    "expiryTime": null,
    "createdBy": "tsgops  ",
    "createdTime": "2021-12-01T17:26:57.766Z",
    "ecnAxeId": "708806786~BLACKROCK_AXEINV~2118154639325"
  },
  {
    "brokerTicker": "BARBK",
    "axeType": "BAXE_AMER",
    "axeId": -156250481,
    "touchCount": 2,
    "scope": "P",
    "status": "E ",
    "secIdType": "4",
    "secId": "US14448CAS35",
    "aladdinId": "14448CAS3",
    "tranType": "OFFER",
    "actualSize": 1305000,
    "source": "BARXIOI",
    "brokerCode": 1213,
    "priceType": "S",
    "benchId": "US912810SZ21",
    "benchIdType": "4",
    "benchAladdinId": "912810SZ2",
    "submittedBy": "tsgops",
    "effectiveTime": "2021-12-02T13:03:18.000Z",
    "modifiedBy": "tsgops  ",
    "modifiedTime": "2021-12-02T13:04:11.703Z",
    "naturalFlag": "N",
    "expiryType": "GTD",
    "expiryTime": "2021-12-02T13:04:11.703Z",
    "createdBy": "tsgops  ",
    "createdTime": "2021-12-02T13:03:18.519Z",
    "ecnAxeId": "708806786~BLACKROCK_AXEINV~2188735256276"
  },
  {
    "brokerTicker": "BARBK",
    "axeType": "BAXE_AMER",
    "axeId": -155127581,
    "touchCount": 2,
    "scope": "P",
    "status": "E ",
    "secIdType": "4",
    "secId": "US14448CAS35",
    "aladdinId": "14448CAS3",
    "tranType": "BID",
    "actualSize": 5000000,
    "source": "BARXIOI",
    "brokerCode": 1213,
    "priceType": "S",
    "benchId": "US912810SZ21",
    "benchIdType": "4",
    "benchAladdinId": "912810SZ2",
    "submittedBy": "tsgops",
    "effectiveTime": "2021-12-02T15:27:59.999Z",
    "modifiedBy": "tsgops  ",
    "modifiedTime": "2021-12-02T15:28:03.666Z",
    "naturalFlag": "N",
    "expiryType": "GTD",
    "expiryTime": "2021-12-02T15:28:03.666Z",
    "createdBy": "tsgops  ",
    "createdTime": "2021-12-02T15:28:00.499Z",
    "ecnAxeId": "708806786~BLACKROCK_AXEINV~2197417147163"
  },
  {
    "brokerTicker": "BARBK",
    "axeType": "BAXE_AMER",
    "axeId": -132700381,
    "touchCount": 1,
    "scope": "P",
    "status": "A ",
    "secIdType": "4",
    "secId": "US14448CAS35",
    "aladdinId": "14448CAS3",
    "tranType": "BID",
    "actualSize": 5000000,
    "source": "BARXIOI",
    "brokerCode": 1213,
    "priceType": "S",
    "benchId": "US912810SZ21",
    "benchIdType": "4",
    "benchAladdinId": "912810SZ2",
    "submittedBy": "tsgops",
    "effectiveTime": "2021-12-06T17:29:02.000Z",
    "modifiedBy": "tsgops  ",
    "modifiedTime": "2021-12-06T17:29:02.116Z",
    "naturalFlag": "N",
    "expiryType": "GTD",
    "expiryTime": null,
    "createdBy": "tsgops  ",
    "createdTime": "2021-12-06T17:29:02.116Z",
    "ecnAxeId": "708806786~BLACKROCK_AXEINV~2550278991267"
  },
  {
    "brokerTicker": "BARC",
    "axeType": "DEALER_RUNS",
    "axeId": -187328033,
    "touchCount": 2,
    "scope": "P",
    "status": "E ",
    "secIdType": "1",
    "secId": "14448CAS3",
    "aladdinId": "14448CAS3",
    "tranType": "OFFER",
    "source": "DEALER_RUNS",
    "brokerCode": 165,
    "priceCurrency": "USD",
    "priceType": "P",
    "price": 108.07,
    "submittedBy": "kkingsley5@bloomberg.net",
    "effectiveTime": "2021-12-03T09:31:00.000Z",
    "modifiedBy": "tsgops  ",
    "modifiedTime": "2021-12-03T16:02:04.250Z",
    "naturalFlag": "N",
    "expiryType": "GTD",
    "expiryTime": "2021-12-03T16:02:04.246Z",
    "createdBy": "tsgops  ",
    "createdTime": "2021-12-03T09:33:17.282Z"
  },
  {
    "brokerTicker": "BARC",
    "axeType": "DEALER_RUNS",
    "axeId": -171579233,
    "touchCount": 2,
    "scope": "P",
    "status": "E ",
    "secIdType": "1",
    "secId": "14448CAS3",
    "aladdinId": "14448CAS3",
    "tranType": "BID",
    "actualSize": 5000000,
    "source": "DEALER_RUNS",
    "brokerCode": 165,
    "priceCurrency": "USD",
    "priceType": "S",
    "submittedBy": "kkingsley5@bloomberg.net",
    "effectiveTime": "2021-12-06T16:09:00.010Z",
    "modifiedBy": "tsgops  ",
    "modifiedTime": "2021-12-06T16:31:42.626Z",
    "naturalFlag": "Y",
    "expiryType": "GTD",
    "expiryTime": "2021-12-06T16:31:42.623Z",
    "createdBy": "tsgops  ",
    "createdTime": "2021-12-06T16:10:13.140Z"
  },
  {
    "brokerTicker": "BARC",
    "axeType": "DEALER_RUNS",
    "axeId": -177448533,
    "touchCount": 2,
    "scope": "P",
    "status": "E ",
    "secIdType": "1",
    "secId": "14448CAS3",
    "aladdinId": "14448CAS3",
    "tranType": "OFFER",
    "source": "DEALER_RUNS",
    "brokerCode": 165,
    "priceCurrency": "USD",
    "priceType": "P",
    "price": 109.58,
    "submittedBy": "kkingsley5@bloomberg.net",
    "effectiveTime": "2021-12-06T09:03:00.032Z",
    "modifiedBy": "tsgops  ",
    "modifiedTime": "2021-12-06T11:13:03.675Z",
    "naturalFlag": "N",
    "expiryType": "GTD",
    "expiryTime": "2021-12-06T11:13:03.675Z",
    "createdBy": "tsgops  ",
    "createdTime": "2021-12-06T09:08:38.450Z"
  },
  {
    "brokerTicker": "BARC",
    "axeType": "DEALER_RUNS",
    "axeId": -174933833,
    "touchCount": 1,
    "scope": "P",
    "status": "A ",
    "secIdType": "1",
    "secId": "14448CAS3",
    "aladdinId": "14448CAS3",
    "tranType": "OFFER",
    "source": "DEALER_RUNS",
    "brokerCode": 165,
    "priceCurrency": "USD",
    "priceType": "P",
    "price": 109.3,
    "submittedBy": "kkingsley5@bloomberg.net",
    "effectiveTime": "2021-12-06T11:11:00.043Z",
    "modifiedBy": "tsgops  ",
    "modifiedTime": "2021-12-06T11:13:03.675Z",
    "naturalFlag": "N",
    "expiryType": "GTD",
    "expiryTime": null,
    "createdBy": "tsgops  ",
    "createdTime": "2021-12-06T11:13:03.772Z",
    "ecnAxeId": "165.14448CAS3.OFFER.A"
  },
  {
    "brokerTicker": "BARC",
    "axeType": "DEALER_RUNS",
    "axeId": -195301633,
    "touchCount": 2,
    "scope": "P",
    "status": "E ",
    "secIdType": "1",
    "secId": "14448CAS3",
    "aladdinId": "14448CAS3",
    "tranType": "OFFER",
    "actualSize": 1305000,
    "source": "DEALER_RUNS",
    "brokerCode": 165,
    "priceCurrency": "USD",
    "priceType": "P",
    "price": 107.297,
    "submittedBy": "kkingsley5@bloomberg.net",
    "effectiveTime": "2021-12-02T12:44:00.039Z",
    "modifiedBy": "tsgops  ",
    "modifiedTime": "2021-12-02T12:59:56.213Z",
    "naturalFlag": "Y",
    "expiryType": "GTD",
    "expiryTime": "2021-12-02T12:59:56.210Z",
    "createdBy": "tsgops  ",
    "createdTime": "2021-12-02T12:45:43.360Z"
  },
  {
    "brokerTicker": "BARC",
    "axeType": "DEALER_RUNS",
    "axeId": -184350933,
    "touchCount": 2,
    "scope": "P",
    "status": "E ",
    "secIdType": "1",
    "secId": "14448CAS3",
    "aladdinId": "14448CAS3",
    "tranType": "BID",
    "actualSize": 5000000,
    "source": "DEALER_RUNS",
    "brokerCode": 165,
    "priceCurrency": "USD",
    "priceType": "S",
    "submittedBy": "kkingsley5@bloomberg.net",
    "effectiveTime": "2021-12-03T12:53:00.005Z",
    "modifiedBy": "tsgops  ",
    "modifiedTime": "2021-12-03T16:02:04.250Z",
    "naturalFlag": "Y",
    "expiryType": "GTD",
    "expiryTime": "2021-12-03T16:02:04.246Z",
    "createdBy": "tsgops  ",
    "createdTime": "2021-12-03T12:54:06.129Z"
  },
  {
    "brokerTicker": "BARC",
    "axeType": "DEALER_RUNS",
    "axeId": -200517333,
    "touchCount": 2,
    "scope": "P",
    "status": "E ",
    "secIdType": "1",
    "secId": "14448CAS3",
    "aladdinId": "14448CAS3",
    "tranType": "BID",
    "source": "DEALER_RUNS",
    "brokerCode": 165,
    "priceCurrency": "USD",
    "priceType": "P",
    "price": 107.5,
    "submittedBy": "kkingsley5@bloomberg.net",
    "effectiveTime": "2021-12-02T07:52:00.032Z",
    "modifiedBy": "tsgops  ",
    "modifiedTime": "2021-12-02T15:23:12.076Z",
    "naturalFlag": "N",
    "expiryType": "GTD",
    "expiryTime": "2021-12-02T15:23:12.076Z",
    "createdBy": "tsgops  ",
    "createdTime": "2021-12-02T07:54:00.270Z"
  },
  {
    "brokerTicker": "BARC",
    "axeType": "DEALER_RUNS",
    "axeId": -194061133,
    "touchCount": 1,
    "scope": "P",
    "status": "A ",
    "secIdType": "1",
    "secId": "14448CAS3",
    "aladdinId": "14448CAS3",
    "tranType": "BID",
    "actualSize": 5000000,
    "source": "DEALER_RUNS",
    "brokerCode": 165,
    "priceCurrency": "USD",
    "priceType": "S",
    "submittedBy": "kkingsley5@bloomberg.net",
    "effectiveTime": "2021-12-02T15:21:00.050Z",
    "modifiedBy": "tsgops  ",
    "modifiedTime": "2021-12-02T15:23:12.076Z",
    "naturalFlag": "Y",
    "expiryType": "GTD",
    "expiryTime": null,
    "createdBy": "tsgops  ",
    "createdTime": "2021-12-02T15:23:12.113Z",
    "ecnAxeId": "165.14448CAS3.BID.A"
  },
  {
    "brokerTicker": "BARC",
    "axeType": "DEALER_RUNS",
    "axeId": -212855333,
    "touchCount": 2,
    "scope": "P",
    "status": "E ",
    "secIdType": "1",
    "secId": "14448CAS3",
    "aladdinId": "14448CAS3",
    "tranType": "BID",
    "source": "DEALER_RUNS",
    "brokerCode": 165,
    "priceCurrency": "USD",
    "priceType": "P",
    "price": 106.36,
    "submittedBy": "kkingsley5@bloomberg.net",
    "effectiveTime": "2021-12-01T07:00:00.020Z",
    "modifiedBy": "tsgops  ",
    "modifiedTime": "2021-12-01T16:32:48.636Z",
    "naturalFlag": "N",
    "expiryType": "GTD",
    "expiryTime": "2021-12-01T16:32:48.636Z",
    "createdBy": "tsgops  ",
    "createdTime": "2021-12-01T07:02:05.390Z"
  },
  {
    "brokerTicker": "BARC",
    "axeType": "DEALER_RUNS",
    "axeId": -204649933,
    "touchCount": 1,
    "scope": "P",
    "status": "A ",
    "secIdType": "1",
    "secId": "14448CAS3",
    "aladdinId": "14448CAS3",
    "tranType": "BID",
    "source": "DEALER_RUNS",
    "brokerCode": 165,
    "priceCurrency": "USD",
    "priceType": "P",
    "price": 107.35,
    "submittedBy": "kkingsley5@bloomberg.net",
    "effectiveTime": "2021-12-01T16:31:00.060Z",
    "modifiedBy": "tsgops  ",
    "modifiedTime": "2021-12-01T16:32:48.636Z",
    "naturalFlag": "N",
    "expiryType": "GTD",
    "expiryTime": null,
    "createdBy": "tsgops  ",
    "createdTime": "2021-12-01T16:32:48.669Z",
    "ecnAxeId": "165.14448CAS3.BID.A"
  },
  {
    "brokerTicker": "BARC",
    "axeType": "DEALER_RUNS",
    "axeId": -204655433,
    "touchCount": 2,
    "scope": "P",
    "status": "E ",
    "secIdType": "1",
    "secId": "14448CAS3",
    "aladdinId": "14448CAS3",
    "tranType": "OFFER",
    "actualSize": 1305000,
    "source": "DEALER_RUNS",
    "brokerCode": 165,
    "priceCurrency": "USD",
    "priceType": "P",
    "price": 108.348,
    "submittedBy": "bbeggans1@bloomberg.net",
    "effectiveTime": "2021-12-01T16:30:00.052Z",
    "modifiedBy": "tsgops  ",
    "modifiedTime": "2021-12-01T16:32:48.636Z",
    "naturalFlag": "Y",
    "expiryType": "GTD",
    "expiryTime": "2021-12-01T16:32:48.636Z",
    "createdBy": "tsgops  ",
    "createdTime": "2021-12-01T16:31:53.306Z"
  },
  {
    "brokerTicker": "BARC",
    "axeType": "DEALER_RUNS",
    "axeId": -204649833,
    "touchCount": 1,
    "scope": "P",
    "status": "A ",
    "secIdType": "1",
    "secId": "14448CAS3",
    "aladdinId": "14448CAS3",
    "tranType": "OFFER",
    "source": "DEALER_RUNS",
    "brokerCode": 165,
    "priceCurrency": "USD",
    "priceType": "P",
    "price": 108.32,
    "submittedBy": "kkingsley5@bloomberg.net",
    "effectiveTime": "2021-12-01T16:31:00.060Z",
    "modifiedBy": "tsgops  ",
    "modifiedTime": "2021-12-01T16:32:48.636Z",
    "naturalFlag": "N",
    "expiryType": "GTD",
    "expiryTime": null,
    "createdBy": "tsgops  ",
    "createdTime": "2021-12-01T16:32:48.643Z",
    "ecnAxeId": "165.14448CAS3.OFFER.A"
  },
  {
    "brokerTicker": "BARC",
    "axeType": "BAXE_AMER",
    "axeId": -186511433,
    "touchCount": 1,
    "scope": "P",
    "status": "A ",
    "secIdType": "1",
    "secId": "14448CAS3",
    "aladdinId": "14448CAS3",
    "tranType": "OFFER",
    "actualSize": 95000,
    "source": "logan.turner@barclay",
    "brokerCode": 165,
    "priceType": "P",
    "submittedBy": "tsgops",
    "effectiveTime": "2021-12-03T10:15:51.999Z",
    "modifiedBy": "tsgops  ",
    "modifiedTime": "2021-12-03T10:16:06.376Z",
    "naturalFlag": "N",
    "expiryType": "GTC",
    "expiryTime": null,
    "createdBy": "tsgops  ",
    "createdTime": "2021-12-03T10:16:09.282Z"
  },
  {
    "brokerTicker": "BASL",
    "axeType": "DEALER_RUNS",
    "axeId": -424313164,
    "touchCount": 1,
    "scope": "P",
    "status": "A ",
    "secIdType": "1",
    "secId": "14448CAS3",
    "aladdinId": "14448CAS3",
    "tranType": "OFFER",
    "source": "DEALER_RUNS",
    "brokerCode": 4396,
    "priceCurrency": "USD",
    "priceType": "P",
    "price": 107.1,
    "submittedBy": "mheaney5@bloomberg.net",
    "effectiveTime": "2021-12-02T13:38:00.032Z",
    "modifiedBy": "tsgops  ",
    "modifiedTime": "2021-12-02T13:39:12.675Z",
    "naturalFlag": "N",
    "expiryType": "GTD",
    "expiryTime": null,
    "createdBy": "tsgops  ",
    "createdTime": "2021-12-02T13:39:12.686Z",
    "ecnAxeId": "4396.14448CAS3.OFFER.A"
  },
  {
    "brokerTicker": "BASL",
    "axeType": "DEALER_RUNS",
    "axeId": -418482364,
    "touchCount": 1,
    "scope": "P",
    "status": "A ",
    "secIdType": "1",
    "secId": "14448CAS3",
    "aladdinId": "14448CAS3",
    "tranType": "OFFER",
    "source": "DEALER_RUNS",
    "brokerCode": 4396,
    "priceCurrency": "USD",
    "priceType": "P",
    "price": 108.2,
    "submittedBy": "mheaney5@bloomberg.net",
    "effectiveTime": "2021-12-03T07:43:00.045Z",
    "modifiedBy": "tsgops  ",
    "modifiedTime": "2021-12-03T07:44:06.266Z",
    "naturalFlag": "N",
    "expiryType": "GTD",
    "expiryTime": null,
    "createdBy": "tsgops  ",
    "createdTime": "2021-12-03T07:44:06.276Z",
    "ecnAxeId": "4396.14448CAS3.OFFER.A"
  },
  {
    "brokerTicker": "BASL",
    "axeType": "DEALER_RUNS",
    "axeId": -405945064,
    "touchCount": 1,
    "scope": "P",
    "status": "A ",
    "secIdType": "1",
    "secId": "14448CAS3",
    "aladdinId": "14448CAS3",
    "tranType": "OFFER",
    "source": "DEALER_RUNS",
    "brokerCode": 4396,
    "priceCurrency": "USD",
    "priceType": "P",
    "price": 108.83,
    "submittedBy": "mheaney5@bloomberg.net",
    "effectiveTime": "2021-12-06T07:45:00.056Z",
    "modifiedBy": "tsgops  ",
    "modifiedTime": "2021-12-06T07:47:14.155Z",
    "naturalFlag": "N",
    "expiryType": "GTD",
    "expiryTime": null,
    "createdBy": "tsgops  ",
    "createdTime": "2021-12-06T07:47:14.236Z",
    "ecnAxeId": "4396.14448CAS3.OFFER.A"
  },
  {
    "brokerTicker": "BASL",
    "axeType": "DEALER_RUNS",
    "axeId": -443346564,
    "touchCount": 1,
    "scope": "P",
    "status": "A ",
    "secIdType": "1",
    "secId": "14448CAS3",
    "aladdinId": "14448CAS3",
    "tranType": "OFFER",
    "source": "DEALER_RUNS",
    "brokerCode": 4396,
    "priceCurrency": "USD",
    "priceType": "P",
    "price": 107.33,
    "submittedBy": "mheaney5@bloomberg.net",
    "effectiveTime": "2021-12-01T08:17:00.020Z",
    "modifiedBy": "tsgops  ",
    "modifiedTime": "2021-12-01T08:18:25.932Z",
    "naturalFlag": "N",
    "expiryType": "GTD",
    "expiryTime": null,
    "createdBy": "tsgops  ",
    "createdTime": "2021-12-01T08:19:37.899Z",
    "ecnAxeId": "4396.14448CAS3.OFFER.A"
  },
  {
    "brokerTicker": "BASL",
    "axeType": "DEALER_RUNS",
    "axeId": -418482464,
    "touchCount": 1,
    "scope": "P",
    "status": "A ",
    "secIdType": "1",
    "secId": "14448CAS3",
    "aladdinId": "14448CAS3",
    "tranType": "BID",
    "source": "DEALER_RUNS",
    "brokerCode": 4396,
    "priceCurrency": "USD",
    "priceType": "P",
    "price": 107.2,
    "submittedBy": "mheaney5@bloomberg.net",
    "effectiveTime": "2021-12-03T07:43:00.045Z",
    "modifiedBy": "tsgops  ",
    "modifiedTime": "2021-12-03T07:44:06.266Z",
    "naturalFlag": "N",
    "expiryType": "GTD",
    "expiryTime": null,
    "createdBy": "tsgops  ",
    "createdTime": "2021-12-03T07:44:06.299Z",
    "ecnAxeId": "4396.14448CAS3.BID.A"
  },
  {
    "brokerTicker": "BASL",
    "axeType": "DEALER_RUNS",
    "axeId": -405945164,
    "touchCount": 1,
    "scope": "P",
    "status": "A ",
    "secIdType": "1",
    "secId": "14448CAS3",
    "aladdinId": "14448CAS3",
    "tranType": "BID",
    "source": "DEALER_RUNS",
    "brokerCode": 4396,
    "priceCurrency": "USD",
    "priceType": "P",
    "price": 107.77,
    "submittedBy": "mheaney5@bloomberg.net",
    "effectiveTime": "2021-12-06T07:45:00.056Z",
    "modifiedBy": "tsgops  ",
    "modifiedTime": "2021-12-06T07:47:14.155Z",
    "naturalFlag": "N",
    "expiryType": "GTD",
    "expiryTime": null,
    "createdBy": "tsgops  ",
    "createdTime": "2021-12-06T07:47:14.169Z",
    "ecnAxeId": "4396.14448CAS3.BID.A"
  },
  {
    "brokerTicker": "BASL",
    "axeType": "DEALER_RUNS",
    "axeId": -443346664,
    "touchCount": 1,
    "scope": "P",
    "status": "A ",
    "secIdType": "1",
    "secId": "14448CAS3",
    "aladdinId": "14448CAS3",
    "tranType": "BID",
    "source": "DEALER_RUNS",
    "brokerCode": 4396,
    "priceCurrency": "USD",
    "priceType": "P",
    "price": 106.32,
    "submittedBy": "mheaney5@bloomberg.net",
    "effectiveTime": "2021-12-01T08:17:00.020Z",
    "modifiedBy": "tsgops  ",
    "modifiedTime": "2021-12-01T08:18:25.932Z",
    "naturalFlag": "N",
    "expiryType": "GTD",
    "expiryTime": null,
    "createdBy": "tsgops  ",
    "createdTime": "2021-12-01T08:19:53.669Z",
    "ecnAxeId": "4396.14448CAS3.BID.A"
  },
  {
    "brokerTicker": "BASL",
    "axeType": "DEALER_RUNS",
    "axeId": -424313264,
    "touchCount": 1,
    "scope": "P",
    "status": "A ",
    "secIdType": "1",
    "secId": "14448CAS3",
    "aladdinId": "14448CAS3",
    "tranType": "BID",
    "source": "DEALER_RUNS",
    "brokerCode": 4396,
    "priceCurrency": "USD",
    "priceType": "P",
    "price": 106.09,
    "submittedBy": "mheaney5@bloomberg.net",
    "effectiveTime": "2021-12-02T13:38:00.032Z",
    "modifiedBy": "tsgops  ",
    "modifiedTime": "2021-12-02T13:39:12.675Z",
    "naturalFlag": "N",
    "expiryType": "GTD",
    "expiryTime": null,
    "createdBy": "tsgops  ",
    "createdTime": "2021-12-02T13:39:12.735Z",
    "ecnAxeId": "4396.14448CAS3.BID.A"
  },
  {
    "brokerTicker": "BNPP",
    "axeType": "BAXE_AMER",
    "axeId": -448525899,
    "touchCount": 1,
    "scope": "P",
    "status": "A ",
    "secIdType": "1",
    "secId": "14448CAS3",
    "aladdinId": "14448CAS3",
    "tranType": "OFFER",
    "source": "antoine.pingel@us.bn",
    "brokerCode": 231,
    "priceType": "P",
    "submittedBy": "tsgops",
    "effectiveTime": "2021-12-03T10:56:06.999Z",
    "modifiedBy": "tsgops  ",
    "modifiedTime": "2021-12-03T10:56:31.319Z",
    "naturalFlag": "N",
    "expiryType": "GTC",
    "expiryTime": null,
    "createdBy": "tsgops  ",
    "createdTime": "2021-12-03T10:56:36.863Z"
  },
  {
    "brokerTicker": "BNPP",
    "axeType": "BAXE_AMER",
    "axeId": -448525999,
    "touchCount": 1,
    "scope": "P",
    "status": "A ",
    "secIdType": "1",
    "secId": "14448CAS3",
    "aladdinId": "14448CAS3",
    "tranType": "BID",
    "actualSize": 100000,
    "source": "antoine.pingel@us.bn",
    "brokerCode": 231,
    "priceType": "P",
    "submittedBy": "tsgops",
    "effectiveTime": "2021-12-03T10:56:06.999Z",
    "modifiedBy": "tsgops  ",
    "modifiedTime": "2021-12-03T10:56:31.316Z",
    "naturalFlag": "N",
    "expiryType": "GTC",
    "expiryTime": null,
    "createdBy": "tsgops  ",
    "createdTime": "2021-12-03T10:56:35.686Z"
  },
  {
    "brokerTicker": "CGI",
    "axeType": "BAXE_AMER",
    "axeId": -204785683,
    "touchCount": 2,
    "scope": "P",
    "status": "E ",
    "secIdType": "1",
    "secId": "14448CAS3",
    "aladdinId": "14448CAS3",
    "tranType": "OFFER",
    "actualSize": 10000000,
    "source": "CITIIOI",
    "brokerCode": 15,
    "priceCurrency": "USD",
    "priceType": "S",
    "price": 138,
    "benchId": "912810SZ2",
    "benchIdType": "1",
    "benchAladdinId": "912810SZ2",
    "submittedBy": "tsgops",
    "effectiveTime": "2021-12-02T12:33:07.446Z",
    "modifiedBy": "tsgops  ",
    "modifiedTime": "2021-12-02T12:40:59.163Z",
    "naturalFlag": "N",
    "expiryType": "GTD",
    "expiryTime": "2021-12-02T12:40:59.160Z",
    "createdBy": "tsgops  ",
    "createdTime": "2021-12-02T12:33:12.076Z",
    "ecnAxeId": "NYF-14448CAS3_A.02123307447"
  },
  {
    "brokerTicker": "CGI",
    "axeType": "BAXE_AMER",
    "axeId": -215847983,
    "touchCount": 1,
    "scope": "P",
    "status": "E ",
    "secIdType": "1",
    "secId": "14448CAS3",
    "aladdinId": "14448CAS3",
    "tranType": "OFFER",
    "actualSize": 10000000,
    "source": "CITIIOI",
    "brokerCode": 15,
    "priceCurrency": "USD",
    "priceType": "S",
    "price": 137,
    "benchId": "912810SZ2",
    "benchIdType": "1",
    "benchAladdinId": "912810SZ2",
    "submittedBy": "tsgops",
    "effectiveTime": "2021-12-01T18:41:03.562Z",
    "modifiedBy": "tsgops  ",
    "modifiedTime": "2021-12-01T18:41:03.562Z",
    "naturalFlag": "N",
    "expiryType": "GTD",
    "expiryTime": "2021-12-01T18:41:03.410Z",
    "createdBy": "tsgops  ",
    "createdTime": "2021-12-01T18:41:03.565Z",
    "ecnAxeId": "NYF-14448CAS3_A.01160130314.01160130314"
  },
  {
    "brokerTicker": "CGI",
    "axeType": "BAXE_AMER",
    "axeId": -177356983,
    "touchCount": 1,
    "scope": "P",
    "status": "E ",
    "secIdType": "1",
    "secId": "14448CAS3",
    "aladdinId": "14448CAS3",
    "tranType": "BID",
    "actualSize": 10000000,
    "source": "CITIIOI",
    "brokerCode": 15,
    "priceCurrency": "USD",
    "priceType": "S",
    "price": 140,
    "benchId": "912810SZ2",
    "benchIdType": "1",
    "benchAladdinId": "912810SZ2",
    "submittedBy": "tsgops",
    "effectiveTime": "2021-12-06T18:40:10.279Z",
    "modifiedBy": "tsgops  ",
    "modifiedTime": "2021-12-06T18:40:10.279Z",
    "naturalFlag": "N",
    "expiryType": "GTD",
    "expiryTime": "2021-12-06T18:40:10.163Z",
    "createdBy": "tsgops  ",
    "createdTime": "2021-12-06T18:40:10.279Z",
    "ecnAxeId": "NYF-14448CAS3_A.06130605190.06130605190"
  },
  {
    "brokerTicker": "CGI",
    "axeType": "BAXE_AMER",
    "axeId": -190147883,
    "touchCount": 1,
    "scope": "P",
    "status": "E ",
    "secIdType": "1",
    "secId": "14448CAS3",
    "aladdinId": "14448CAS3",
    "tranType": "BID",
    "actualSize": 5000000,
    "source": "CITIIOI",
    "brokerCode": 15,
    "priceCurrency": "USD",
    "priceType": "S",
    "price": 142,
    "benchId": "912810SZ2",
    "benchIdType": "1",
    "benchAladdinId": "912810SZ2",
    "submittedBy": "tsgops",
    "effectiveTime": "2021-12-05T18:40:53.715Z",
    "modifiedBy": "tsgops  ",
    "modifiedTime": "2021-12-05T18:40:53.715Z",
    "naturalFlag": "N",
    "expiryType": "GTD",
    "expiryTime": "2021-12-05T18:40:53.575Z",
    "createdBy": "tsgops  ",
    "createdTime": "2021-12-05T18:40:53.722Z",
    "ecnAxeId": "NYF-14448CAS3_A.03081858415.03081858415"
  },
  {
    "brokerTicker": "CGI",
    "axeType": "BAXE_AMER",
    "axeId": -203146483,
    "touchCount": 2,
    "scope": "P",
    "status": "E ",
    "secIdType": "1",
    "secId": "14448CAS3",
    "aladdinId": "14448CAS3",
    "tranType": "BID",
    "actualSize": 5000000,
    "source": "CITIIOI",
    "brokerCode": 15,
    "priceCurrency": "USD",
    "priceType": "S",
    "price": 143,
    "benchId": "912810SZ2",
    "benchIdType": "1",
    "benchAladdinId": "912810SZ2",
    "submittedBy": "tsgops",
    "effectiveTime": "2021-12-02T16:19:04.049Z",
    "modifiedBy": "tsgops  ",
    "modifiedTime": "2021-12-03T10:45:31.733Z",
    "naturalFlag": "N",
    "expiryType": "GTD",
    "expiryTime": "2021-12-03T10:45:31.503Z",
    "createdBy": "tsgops  ",
    "createdTime": "2021-12-02T16:19:36.000Z",
    "ecnAxeId": "NYF-14448CAS3_A.02161904049"
  },
  {
    "brokerTicker": "CGI",
    "axeType": "BAXE_AMER",
    "axeId": -202746283,
    "touchCount": 1,
    "scope": "P",
    "status": "E ",
    "secIdType": "1",
    "secId": "14448CAS3",
    "aladdinId": "14448CAS3",
    "tranType": "BID",
    "actualSize": 5000000,
    "source": "CITIIOI",
    "brokerCode": 15,
    "priceCurrency": "USD",
    "priceType": "S",
    "price": 143,
    "benchId": "912810SZ2",
    "benchIdType": "1",
    "benchAladdinId": "912810SZ2",
    "submittedBy": "tsgops",
    "effectiveTime": "2021-12-02T18:40:09.865Z",
    "modifiedBy": "tsgops  ",
    "modifiedTime": "2021-12-02T18:40:09.865Z",
    "naturalFlag": "N",
    "expiryType": "GTD",
    "expiryTime": "2021-12-02T18:40:09.736Z",
    "createdBy": "tsgops  ",
    "createdTime": "2021-12-02T18:40:09.870Z",
    "ecnAxeId": "NYF-14448CAS3_A.02161904049.02161904049"
  },
  {
    "brokerTicker": "CS",
    "axeType": "DEALER_RUNS",
    "axeId": 16882882,
    "touchCount": 1,
    "scope": "P",
    "status": "A ",
    "secIdType": "1",
    "secId": "14448CAS3",
    "aladdinId": "14448CAS3",
    "tranType": "OFFER",
    "source": "DEALER_RUNS",
    "brokerCode": 1050,
    "priceCurrency": "USD",
    "priceType": "P",
    "price": 109.35,
    "benchId": "US912810SZ21",
    "benchIdType": "4",
    "submittedBy": "jpalmitier2@bloomberg.net",
    "effectiveTime": "2021-12-03T15:54:00.033Z",
    "modifiedBy": "tsgops  ",
    "modifiedTime": "2021-12-03T15:55:07.643Z",
    "naturalFlag": "N",
    "expiryType": "GTD",
    "expiryTime": null,
    "createdBy": "tsgops  ",
    "createdTime": "2021-12-03T15:55:07.709Z",
    "ecnAxeId": "1050.14448CAS3.OFFER.A"
  },
  {
    "brokerTicker": "CS",
    "axeType": "DEALER_RUNS",
    "axeId": -10865018,
    "touchCount": 1,
    "scope": "P",
    "status": "A ",
    "secIdType": "1",
    "secId": "14448CAS3",
    "aladdinId": "14448CAS3",
    "tranType": "BID",
    "actualSize": 2428000,
    "source": "DEALER_RUNS",
    "brokerCode": 1050,
    "priceCurrency": "USD",
    "priceType": "P",
    "price": 105.768,
    "benchId": "US912810SZ21",
    "benchIdType": "4",
    "submittedBy": "jpalmitier2@bloomberg.net",
    "effectiveTime": "2021-12-01T09:12:00.000Z",
    "modifiedBy": "tsgops  ",
    "modifiedTime": "2021-12-01T09:13:09.993Z",
    "naturalFlag": "Y",
    "expiryType": "GTD",
    "expiryTime": null,
    "createdBy": "tsgops  ",
    "createdTime": "2021-12-01T09:13:10.000Z",
    "ecnAxeId": "1050.14448CAS3.BID.A"
  },
  {
    "brokerTicker": "CS",
    "axeType": "DEALER_RUNS",
    "axeId": 5331782,
    "touchCount": 1,
    "scope": "P",
    "status": "A ",
    "secIdType": "1",
    "secId": "14448CAS3",
    "aladdinId": "14448CAS3",
    "tranType": "BID",
    "actualSize": 1660000,
    "source": "DEALER_RUNS",
    "brokerCode": 1050,
    "priceCurrency": "USD",
    "priceType": "P",
    "price": 106.222,
    "benchId": "US912810SZ21",
    "benchIdType": "4",
    "submittedBy": "jpalmitier2@bloomberg.net",
    "effectiveTime": "2021-12-02T14:12:00.046Z",
    "modifiedBy": "tsgops  ",
    "modifiedTime": "2021-12-02T14:13:24.985Z",
    "naturalFlag": "Y",
    "expiryType": "GTD",
    "expiryTime": null,
    "createdBy": "tsgops  ",
    "createdTime": "2021-12-02T14:13:24.993Z",
    "ecnAxeId": "1050.14448CAS3.BID.A"
  },
  {
    "brokerTicker": "CS",
    "axeType": "DEALER_RUNS",
    "axeId": 4680282,
    "touchCount": 2,
    "scope": "P",
    "status": "E ",
    "secIdType": "1",
    "secId": "14448CAS3",
    "aladdinId": "14448CAS3",
    "tranType": "BID",
    "actualSize": 1928000,
    "source": "DEALER_RUNS",
    "brokerCode": 1050,
    "priceCurrency": "USD",
    "priceType": "P",
    "price": 106.222,
    "benchId": "US912810SZ21",
    "benchIdType": "4",
    "submittedBy": "jpalmitier2@bloomberg.net",
    "effectiveTime": "2021-12-02T12:56:00.010Z",
    "modifiedBy": "tsgops  ",
    "modifiedTime": "2021-12-02T14:13:24.985Z",
    "naturalFlag": "Y",
    "expiryType": "GTD",
    "expiryTime": "2021-12-02T14:13:24.985Z",
    "createdBy": "tsgops  ",
    "createdTime": "2021-12-02T12:56:47.289Z"
  },
  {
    "brokerTicker": "CS",
    "axeType": "DEALER_RUNS",
    "axeId": 27227182,
    "touchCount": 2,
    "scope": "P",
    "status": "E ",
    "secIdType": "1",
    "secId": "14448CAS3",
    "aladdinId": "14448CAS3",
    "tranType": "BID",
    "actualSize": 1660000,
    "source": "DEALER_RUNS",
    "brokerCode": 1050,
    "priceCurrency": "USD",
    "priceType": "P",
    "price": 107.113,
    "benchId": "US912810SZ21",
    "benchIdType": "4",
    "submittedBy": "fbalbi4@bloomberg.net",
    "effectiveTime": "2021-12-06T15:40:00.009Z",
    "modifiedBy": "tsgops  ",
    "modifiedTime": "2021-12-06T17:16:44.762Z",
    "naturalFlag": "Y",
    "expiryType": "GTD",
    "expiryTime": "2021-12-06T17:16:44.762Z",
    "createdBy": "tsgops  ",
    "createdTime": "2021-12-06T15:40:34.396Z"
  },
  {
    "brokerTicker": "CS",
    "axeType": "DEALER_RUNS",
    "axeId": 27965582,
    "touchCount": 1,
    "scope": "P",
    "status": "A ",
    "secIdType": "1",
    "secId": "14448CAS3",
    "aladdinId": "14448CAS3",
    "tranType": "BID",
    "actualSize": 1660000,
    "source": "DEALER_RUNS",
    "brokerCode": 1050,
    "priceCurrency": "USD",
    "priceType": "P",
    "price": 106.81,
    "benchId": "US912810SZ21",
    "benchIdType": "4",
    "submittedBy": "fbalbi4@bloomberg.net",
    "effectiveTime": "2021-12-06T17:16:00.020Z",
    "modifiedBy": "tsgops  ",
    "modifiedTime": "2021-12-06T17:16:44.762Z",
    "naturalFlag": "Y",
    "expiryType": "GTD",
    "expiryTime": null,
    "createdBy": "tsgops  ",
    "createdTime": "2021-12-06T17:16:44.799Z",
    "ecnAxeId": "1050.14448CAS3.BID.A"
  },
  {
    "brokerTicker": "CS",
    "axeType": "DEALER_RUNS",
    "axeId": 11721682,
    "touchCount": 2,
    "scope": "P",
    "status": "E ",
    "secIdType": "1",
    "secId": "14448CAS3",
    "aladdinId": "14448CAS3",
    "tranType": "BID",
    "actualSize": 1660000,
    "source": "DEALER_RUNS",
    "brokerCode": 1050,
    "priceCurrency": "USD",
    "priceType": "P",
    "price": 106.488,
    "benchId": "US912810SZ21",
    "benchIdType": "4",
    "submittedBy": "jpalmitier2@bloomberg.net",
    "effectiveTime": "2021-12-03T08:59:00.053Z",
    "modifiedBy": "tsgops  ",
    "modifiedTime": "2021-12-03T15:55:07.646Z",
    "naturalFlag": "Y",
    "expiryType": "GTD",
    "expiryTime": "2021-12-03T15:55:07.639Z",
    "createdBy": "tsgops  ",
    "createdTime": "2021-12-03T09:01:26.645Z"
  },
  {
    "brokerTicker": "CSFB",
    "axeType": "BAXE_AMER",
    "axeId": -649382972,
    "touchCount": 2,
    "scope": "P",
    "status": "D ",
    "secIdType": "1",
    "secId": "14448CAS3",
    "aladdinId": "14448CAS3",
    "tranType": "BID",
    "actualSize": 2428000,
    "source": "list.gmitcreditdataa",
    "brokerCode": 4,
    "priceType": "S",
    "price": 105.768,
    "benchId": "30T",
    "benchIdType": "Z",
    "submittedBy": "tsgops",
    "effectiveTime": "2021-12-01T13:33:03.999Z",
    "modifiedBy": "tsgops  ",
    "modifiedTime": "2021-12-01T15:35:48.003Z",
    "naturalFlag": "N",
    "expiryType": "GTC",
    "expiryTime": "2021-12-01T15:35:46.000Z",
    "createdBy": "tsgops  ",
    "createdTime": "2021-12-01T13:33:27.206Z"
  },
  {
    "brokerTicker": "CSFB",
    "axeType": "BAXE_AMER",
    "axeId": -616229772,
    "touchCount": 2,
    "scope": "P",
    "status": "D ",
    "secIdType": "1",
    "secId": "14448CAS3",
    "aladdinId": "14448CAS3",
    "tranType": "BID",
    "actualSize": 1660000,
    "source": "list.gmitcreditdataa",
    "brokerCode": 4,
    "priceType": "S",
    "price": 107.403,
    "benchId": "30T",
    "benchIdType": "Z",
    "submittedBy": "tsgops",
    "effectiveTime": "2021-12-06T13:32:34.000Z",
    "modifiedBy": "tsgops  ",
    "modifiedTime": "2021-12-06T15:33:25.009Z",
    "naturalFlag": "N",
    "expiryType": "GTC",
    "expiryTime": "2021-12-06T15:33:22.000Z",
    "createdBy": "tsgops  ",
    "createdTime": "2021-12-06T13:32:51.156Z"
  },
  {
    "brokerTicker": "CSFB",
    "axeType": "BAXE_AMER",
    "axeId": -652368972,
    "touchCount": 2,
    "scope": "P",
    "status": "E ",
    "secIdType": "1",
    "secId": "14448CAS3",
    "aladdinId": "14448CAS3",
    "tranType": "BID",
    "actualSize": 2428000,
    "source": "gcpda.ibptg@credit-s",
    "brokerCode": 4,
    "priceType": "S",
    "price": 105.768,
    "benchId": "30T",
    "benchIdType": "Z",
    "submittedBy": "tsgops",
    "effectiveTime": "2021-12-01T10:04:17.000Z",
    "modifiedBy": "tsgops  ",
    "modifiedTime": "2021-12-02T08:49:13.666Z",
    "naturalFlag": "N",
    "expiryType": "GTC",
    "expiryTime": "2021-12-02T08:49:12.896Z",
    "createdBy": "tsgops  ",
    "createdTime": "2021-12-01T10:05:43.789Z"
  },
  {
    "brokerTicker": "CSFB",
    "axeType": "BAXE_AMER",
    "axeId": -627106172,
    "touchCount": 2,
    "scope": "P",
    "status": "D ",
    "secIdType": "1",
    "secId": "14448CAS3",
    "aladdinId": "14448CAS3",
    "tranType": "BID",
    "actualSize": 1660000,
    "source": "list.gmitcreditdataa",
    "brokerCode": 4,
    "priceType": "S",
    "price": 106.488,
    "benchId": "30T",
    "benchIdType": "Z",
    "submittedBy": "tsgops",
    "effectiveTime": "2021-12-03T13:33:07.999Z",
    "modifiedBy": "tsgops  ",
    "modifiedTime": "2021-12-03T15:33:46.913Z",
    "naturalFlag": "N",
    "expiryType": "GTC",
    "expiryTime": "2021-12-03T15:33:45.000Z",
    "createdBy": "tsgops  ",
    "createdTime": "2021-12-03T13:33:27.602Z"
  },
  {
    "brokerTicker": "CSNR",
    "axeType": "BAXE_EMEA",
    "axeId": 108714132,
    "touchCount": 2,
    "scope": "P",
    "status": "D ",
    "secIdType": "1",
    "secId": "14448CAS3",
    "aladdinId": "14448CAS3",
    "tranType": "BID",
    "actualSize": 1000000,
    "source": "martyn.rickard@credi",
    "brokerCode": 1800,
    "priceType": "P",
    "submittedBy": "tsgops",
    "effectiveTime": "2021-12-06T03:41:03.000Z",
    "modifiedBy": "tsgops  ",
    "modifiedTime": "2021-12-06T07:39:12.470Z",
    "naturalFlag": "N",
    "expiryType": "GTC",
    "expiryTime": "2021-12-06T07:39:10.000Z",
    "createdBy": "tsgops  ",
    "createdTime": "2021-12-06T03:41:11.100Z"
  },
  {
    "brokerTicker": "GS",
    "axeType": "DEALER_RUNS",
    "axeId": -152776473,
    "touchCount": 2,
    "scope": "P",
    "status": "E ",
    "secIdType": "1",
    "secId": "14448CAS3",
    "aladdinId": "14448CAS3",
    "tranType": "OFFER",
    "source": "DEALER_RUNS",
    "brokerCode": 5,
    "priceCurrency": "USD",
    "priceType": "S",
    "submittedBy": "jzhao195@bloomberg.net",
    "effectiveTime": "2021-12-01T16:25:00.026Z",
    "modifiedBy": "tsgops  ",
    "modifiedTime": "2021-12-01T17:20:41.432Z",
    "naturalFlag": "N",
    "expiryType": "GTD",
    "expiryTime": "2021-12-01T17:20:41.425Z",
    "createdBy": "tsgops  ",
    "createdTime": "2021-12-01T16:26:16.412Z"
  },
  {
    "brokerTicker": "GS",
    "axeType": "DEALER_RUNS",
    "axeId": -117394773,
    "touchCount": 2,
    "scope": "P",
    "status": "E ",
    "secIdType": "1",
    "secId": "14448CAS3",
    "aladdinId": "14448CAS3",
    "tranType": "BID",
    "actualSize": 6370000,
    "source": "DEALER_RUNS",
    "brokerCode": 5,
    "priceCurrency": "USD",
    "priceType": "S",
    "submittedBy": "jzhao195@bloomberg.net",
    "effectiveTime": "2021-12-06T16:42:00.046Z",
    "modifiedBy": "tsgops  ",
    "modifiedTime": "2021-12-06T16:56:07.605Z",
    "naturalFlag": "Y",
    "expiryType": "GTD",
    "expiryTime": "2021-12-06T16:56:07.605Z",
    "createdBy": "tsgops  ",
    "createdTime": "2021-12-06T16:44:14.313Z"
  },
  {
    "brokerTicker": "GS",
    "axeType": "DEALER_RUNS",
    "axeId": -117315573,
    "touchCount": 1,
    "scope": "P",
    "status": "A ",
    "secIdType": "1",
    "secId": "14448CAS3",
    "aladdinId": "14448CAS3",
    "tranType": "BID",
    "source": "DEALER_RUNS",
    "brokerCode": 5,
    "priceCurrency": "USD",
    "priceType": "P",
    "price": 107.81,
    "submittedBy": "jzhao195@bloomberg.net",
    "effectiveTime": "2021-12-06T16:55:00.032Z",
    "modifiedBy": "tsgops  ",
    "modifiedTime": "2021-12-06T16:56:07.605Z",
    "naturalFlag": "N",
    "expiryType": "GTD",
    "expiryTime": null,
    "createdBy": "tsgops  ",
    "createdTime": "2021-12-06T16:56:07.610Z",
    "ecnAxeId": "5.14448CAS3.BID.A"
  },
  {
    "brokerTicker": "GS",
    "axeType": "DEALER_RUNS",
    "axeId": -141470873,
    "touchCount": 2,
    "scope": "P",
    "status": "E ",
    "secIdType": "1",
    "secId": "14448CAS3",
    "aladdinId": "14448CAS3",
    "tranType": "BID",
    "actualSize": 5000000,
    "source": "DEALER_RUNS",
    "brokerCode": 5,
    "priceCurrency": "USD",
    "priceType": "S",
    "submittedBy": "jzhao195@bloomberg.net",
    "effectiveTime": "2021-12-02T15:52:00.052Z",
    "modifiedBy": "tsgops  ",
    "modifiedTime": "2021-12-02T16:53:11.180Z",
    "naturalFlag": "Y",
    "expiryType": "GTD",
    "expiryTime": "2021-12-02T16:53:11.176Z",
    "createdBy": "tsgops  ",
    "createdTime": "2021-12-02T15:53:43.415Z"
  },
  {
    "brokerTicker": "GS",
    "axeType": "BAXE_AMER",
    "axeId": -118810973,
    "touchCount": 2,
    "scope": "P",
    "status": "E ",
    "secIdType": "1",
    "secId": "14448CAS3",
    "aladdinId": "14448CAS3",
    "tranType": "BID",
    "actualSize": 6370000,
    "source": "GSIOI",
    "brokerCode": 5,
    "priceCurrency": "USD",
    "priceType": "S",
    "price": 138,
    "benchId": "912810SZ2",
    "benchIdType": "1",
    "benchAladdinId": "912810SZ2",
    "submittedBy": "tsgops",
    "effectiveTime": "2021-12-06T13:55:23.059Z",
    "modifiedBy": "tsgops  ",
    "modifiedTime": "2021-12-06T17:16:14.465Z",
    "naturalFlag": "N",
    "expiryType": "GTD",
    "expiryTime": "2021-12-06T17:16:14.465Z",
    "createdBy": "tsgops  ",
    "createdTime": "2021-12-06T13:55:23.113Z",
    "ecnAxeId": "367012322_FIXT.1.1:GSIOI->BLKIOI_1_5"
  },
  {
    "brokerTicker": "GS",
    "axeType": "DEALER_RUNS",
    "axeId": -117315473,
    "touchCount": 1,
    "scope": "P",
    "status": "A ",
    "secIdType": "1",
    "secId": "14448CAS3",
    "aladdinId": "14448CAS3",
    "tranType": "OFFER",
    "source": "DEALER_RUNS",
    "brokerCode": 5,
    "priceCurrency": "USD",
    "priceType": "S",
    "submittedBy": "jzhao195@bloomberg.net",
    "effectiveTime": "2021-12-06T16:55:00.032Z",
    "modifiedBy": "tsgops  ",
    "modifiedTime": "2021-12-06T16:56:07.605Z",
    "naturalFlag": "N",
    "expiryType": "GTD",
    "expiryTime": null,
    "createdBy": "tsgops  ",
    "createdTime": "2021-12-06T16:56:07.610Z",
    "ecnAxeId": "5.14448CAS3.OFFER.A"
  },
  {
    "brokerTicker": "GS",
    "axeType": "DEALER_RUNS",
    "axeId": -117796373,
    "touchCount": 2,
    "scope": "P",
    "status": "E ",
    "secIdType": "1",
    "secId": "14448CAS3",
    "aladdinId": "14448CAS3",
    "tranType": "OFFER",
    "source": "DEALER_RUNS",
    "brokerCode": 5,
    "priceCurrency": "USD",
    "priceType": "S",
    "submittedBy": "jzhao195@bloomberg.net",
    "effectiveTime": "2021-12-06T15:55:00.032Z",
    "modifiedBy": "tsgops  ",
    "modifiedTime": "2021-12-06T16:56:07.605Z",
    "naturalFlag": "N",
    "expiryType": "GTD",
    "expiryTime": "2021-12-06T16:56:07.605Z",
    "createdBy": "tsgops  ",
    "createdTime": "2021-12-06T15:56:19.523Z"
  },
  {
    "brokerTicker": "GS",
    "axeType": "DEALER_RUNS",
    "axeId": -129035273,
    "touchCount": 1,
    "scope": "P",
    "status": "A ",
    "secIdType": "1",
    "secId": "14448CAS3",
    "aladdinId": "14448CAS3",
    "tranType": "BID",
    "actualSize": 5000000,
    "source": "DEALER_RUNS",
    "brokerCode": 5,
    "priceCurrency": "USD",
    "priceType": "S",
    "submittedBy": "jzhao195@bloomberg.net",
    "effectiveTime": "2021-12-03T16:51:00.006Z",
    "modifiedBy": "tsgops  ",
    "modifiedTime": "2021-12-03T16:51:37.685Z",
    "naturalFlag": "Y",
    "expiryType": "GTD",
    "expiryTime": null,
    "createdBy": "tsgops  ",
    "createdTime": "2021-12-03T16:51:37.699Z",
    "ecnAxeId": "5.14448CAS3.BID.A"
  },
  {
    "brokerTicker": "GS",
    "axeType": "DEALER_RUNS",
    "axeId": -129130273,
    "touchCount": 2,
    "scope": "P",
    "status": "E ",
    "secIdType": "1",
    "secId": "14448CAS3",
    "aladdinId": "14448CAS3",
    "tranType": "BID",
    "actualSize": 5000000,
    "source": "DEALER_RUNS",
    "brokerCode": 5,
    "priceCurrency": "USD",
    "priceType": "S",
    "submittedBy": "jzhao195@bloomberg.net",
    "effectiveTime": "2021-12-03T16:31:00.005Z",
    "modifiedBy": "tsgops  ",
    "modifiedTime": "2021-12-03T16:51:37.685Z",
    "naturalFlag": "Y",
    "expiryType": "GTD",
    "expiryTime": "2021-12-03T16:51:37.685Z",
    "createdBy": "tsgops  ",
    "createdTime": "2021-12-03T16:31:40.733Z"
  },
  {
    "brokerTicker": "GS",
    "axeType": "BAXE_AMER",
    "axeId": -131371773,
    "touchCount": 2,
    "scope": "P",
    "status": "E ",
    "secIdType": "1",
    "secId": "14448CAS3",
    "aladdinId": "14448CAS3",
    "tranType": "BID",
    "actualSize": 5000000,
    "source": "GSIOI",
    "brokerCode": 5,
    "priceCurrency": "USD",
    "priceType": "S",
    "price": 144,
    "benchId": "912810SZ2",
    "benchIdType": "1",
    "benchAladdinId": "912810SZ2",
    "submittedBy": "tsgops",
    "effectiveTime": "2021-12-03T12:02:27.016Z",
    "modifiedBy": "tsgops  ",
    "modifiedTime": "2021-12-03T17:16:17.195Z",
    "naturalFlag": "N",
    "expiryType": "GTD",
    "expiryTime": "2021-12-03T17:16:17.195Z",
    "createdBy": "tsgops  ",
    "createdTime": "2021-12-03T12:02:27.106Z",
    "ecnAxeId": "367012322_FIXT.1.1:GSIOI->BLKIOI_1_4"
  },
  {
    "brokerTicker": "GS",
    "axeType": "DEALER_RUNS",
    "axeId": -141719173,
    "touchCount": 1,
    "scope": "P",
    "status": "A ",
    "secIdType": "1",
    "secId": "14448CAS3",
    "aladdinId": "14448CAS3",
    "tranType": "OFFER",
    "source": "DEALER_RUNS",
    "brokerCode": 5,
    "priceCurrency": "USD",
    "priceType": "S",
    "submittedBy": "jzhao195@bloomberg.net",
    "effectiveTime": "2021-12-02T15:16:00.036Z",
    "modifiedBy": "tsgops  ",
    "modifiedTime": "2021-12-02T15:17:23.716Z",
    "naturalFlag": "N",
    "expiryType": "GTD",
    "expiryTime": null,
    "createdBy": "tsgops  ",
    "createdTime": "2021-12-02T15:17:23.720Z",
    "ecnAxeId": "5.14448CAS3.OFFER.A"
  },
  {
    "brokerTicker": "GS",
    "axeType": "DEALER_RUNS",
    "axeId": -142149973,
    "touchCount": 2,
    "scope": "P",
    "status": "E ",
    "secIdType": "1",
    "secId": "14448CAS3",
    "aladdinId": "14448CAS3",
    "tranType": "OFFER",
    "source": "DEALER_RUNS",
    "brokerCode": 5,
    "priceCurrency": "USD",
    "priceType": "S",
    "submittedBy": "jzhao195@bloomberg.net",
    "effectiveTime": "2021-12-02T14:16:00.036Z",
    "modifiedBy": "tsgops  ",
    "modifiedTime": "2021-12-02T15:17:23.716Z",
    "naturalFlag": "N",
    "expiryType": "GTD",
    "expiryTime": "2021-12-02T15:17:23.716Z",
    "createdBy": "tsgops  ",
    "createdTime": "2021-12-02T14:17:53.740Z"
  },
  {
    "brokerTicker": "GS",
    "axeType": "BAXE_AMER",
    "axeId": -142868373,
    "touchCount": 2,
    "scope": "P",
    "status": "E ",
    "secIdType": "1",
    "secId": "14448CAS3",
    "aladdinId": "14448CAS3",
    "tranType": "OFFER",
    "actualSize": 1808000,
    "source": "GSIOI",
    "brokerCode": 5,
    "priceCurrency": "USD",
    "priceType": "S",
    "price": 140,
    "benchId": "912810SZ2",
    "benchIdType": "1",
    "benchAladdinId": "912810SZ2",
    "submittedBy": "tsgops",
    "effectiveTime": "2021-12-02T12:38:42.466Z",
    "modifiedBy": "tsgops  ",
    "modifiedTime": "2021-12-02T12:38:47.210Z",
    "naturalFlag": "N",
    "expiryType": "GTD",
    "expiryTime": "2021-12-02T12:38:47.206Z",
    "createdBy": "tsgops  ",
    "createdTime": "2021-12-02T12:38:42.592Z",
    "ecnAxeId": "367012322_FIXT.1.1:GSIOI->BLKIOI_2_5"
  },
  {
    "brokerTicker": "GS",
    "axeType": "BAXE_AMER",
    "axeId": -144221573,
    "touchCount": 2,
    "scope": "P",
    "status": "E ",
    "secIdType": "1",
    "secId": "14448CAS3",
    "aladdinId": "14448CAS3",
    "tranType": "OFFER",
    "actualSize": 1808000,
    "source": "Shiyu.x.Du@gs.com",
    "brokerCode": 5,
    "priceType": "P",
    "submittedBy": "tsgops",
    "effectiveTime": "2021-12-02T11:04:17.999Z",
    "modifiedBy": "tsgops  ",
    "modifiedTime": "2021-12-03T09:41:12.619Z",
    "naturalFlag": "N",
    "expiryType": "GTC",
    "expiryTime": "2021-12-03T09:41:12.486Z",
    "createdBy": "tsgops  ",
    "createdTime": "2021-12-02T11:05:14.019Z"
  },
  {
    "brokerTicker": "GS",
    "axeType": "BAXE_AMER",
    "axeId": -153871273,
    "touchCount": 2,
    "scope": "P",
    "status": "E ",
    "secIdType": "1",
    "secId": "14448CAS3",
    "aladdinId": "14448CAS3",
    "tranType": "BID",
    "actualSize": 3539000,
    "source": "GSIOI",
    "brokerCode": 5,
    "priceCurrency": "USD",
    "priceType": "S",
    "price": 141,
    "benchId": "912810SZ2",
    "benchIdType": "1",
    "benchAladdinId": "912810SZ2",
    "submittedBy": "tsgops",
    "effectiveTime": "2021-12-01T14:16:09.102Z",
    "modifiedBy": "tsgops  ",
    "modifiedTime": "2021-12-01T15:32:14.329Z",
    "naturalFlag": "N",
    "expiryType": "GTD",
    "expiryTime": "2021-12-01T15:32:14.329Z",
    "createdBy": "tsgops  ",
    "createdTime": "2021-12-01T14:16:09.273Z",
    "ecnAxeId": "367012322_FIXT.1.1:GSIOI->BLKIOI_1_3"
  },
  {
    "brokerTicker": "GS",
    "axeType": "BAXE_AMER",
    "axeId": -141982073,
    "touchCount": 2,
    "scope": "P",
    "status": "E ",
    "secIdType": "1",
    "secId": "14448CAS3",
    "aladdinId": "14448CAS3",
    "tranType": "BID",
    "actualSize": 5000000,
    "source": "GSIOI",
    "brokerCode": 5,
    "priceCurrency": "USD",
    "priceType": "S",
    "price": 145,
    "benchId": "912810SZ2",
    "benchIdType": "1",
    "benchAladdinId": "912810SZ2",
    "submittedBy": "tsgops",
    "effectiveTime": "2021-12-02T14:42:58.593Z",
    "modifiedBy": "tsgops  ",
    "modifiedTime": "2021-12-02T17:16:20.470Z",
    "naturalFlag": "N",
    "expiryType": "GTD",
    "expiryTime": "2021-12-02T17:16:20.470Z",
    "createdBy": "tsgops  ",
    "createdTime": "2021-12-02T14:42:58.649Z",
    "ecnAxeId": "367012322_FIXT.1.1:GSIOI->BLKIOI_1_5"
  },
  {
    "brokerTicker": "GS",
    "axeType": "BAXE_AMER",
    "axeId": -152783073,
    "touchCount": 2,
    "scope": "P",
    "status": "E ",
    "secIdType": "1",
    "secId": "14448CAS3",
    "aladdinId": "14448CAS3",
    "tranType": "OFFER",
    "actualSize": 1808000,
    "source": "GSIOI",
    "brokerCode": 5,
    "priceCurrency": "USD",
    "priceType": "S",
    "price": 140,
    "benchId": "912810SZ2",
    "benchIdType": "1",
    "benchAladdinId": "912810SZ2",
    "submittedBy": "tsgops",
    "effectiveTime": "2021-12-01T16:25:20.086Z",
    "modifiedBy": "tsgops  ",
    "modifiedTime": "2021-12-01T17:16:23.532Z",
    "naturalFlag": "N",
    "expiryType": "GTD",
    "expiryTime": "2021-12-01T17:16:23.532Z",
    "createdBy": "tsgops  ",
    "createdTime": "2021-12-01T16:25:20.145Z",
    "ecnAxeId": "367012322_FIXT.1.1:GSIOI->BLKIOI_2_4"
  },
  {
    "brokerTicker": "GS",
    "axeType": "DEALER_RUNS",
    "axeId": -129640673,
    "touchCount": 2,
    "scope": "P",
    "status": "E ",
    "secIdType": "1",
    "secId": "14448CAS3",
    "aladdinId": "14448CAS3",
    "tranType": "OFFER",
    "source": "DEALER_RUNS",
    "brokerCode": 5,
    "priceCurrency": "USD",
    "priceType": "S",
    "submittedBy": "jzhao195@bloomberg.net",
    "effectiveTime": "2021-12-03T15:11:00.010Z",
    "modifiedBy": "tsgops  ",
    "modifiedTime": "2021-12-03T16:12:59.356Z",
    "naturalFlag": "N",
    "expiryType": "GTD",
    "expiryTime": "2021-12-03T16:12:59.356Z",
    "createdBy": "tsgops  ",
    "createdTime": "2021-12-03T15:12:45.062Z"
  },
  {
    "brokerTicker": "GS",
    "axeType": "DEALER_RUNS",
    "axeId": -129232573,
    "touchCount": 1,
    "scope": "P",
    "status": "A ",
    "secIdType": "1",
    "secId": "14448CAS3",
    "aladdinId": "14448CAS3",
    "tranType": "OFFER",
    "source": "DEALER_RUNS",
    "brokerCode": 5,
    "priceCurrency": "USD",
    "priceType": "S",
    "submittedBy": "jzhao195@bloomberg.net",
    "effectiveTime": "2021-12-03T16:11:00.003Z",
    "modifiedBy": "tsgops  ",
    "modifiedTime": "2021-12-03T16:12:59.356Z",
    "naturalFlag": "N",
    "expiryType": "GTD",
    "expiryTime": null,
    "createdBy": "tsgops  ",
    "createdTime": "2021-12-03T16:12:59.635Z",
    "ecnAxeId": "5.14448CAS3.OFFER.A"
  },
  {
    "brokerTicker": "GS",
    "axeType": "DEALER_RUNS",
    "axeId": -153573073,
    "touchCount": 2,
    "scope": "P",
    "status": "E ",
    "secIdType": "1",
    "secId": "14448CAS3",
    "aladdinId": "14448CAS3",
    "tranType": "BID",
    "actualSize": 3539000,
    "source": "DEALER_RUNS",
    "brokerCode": 5,
    "priceCurrency": "USD",
    "priceType": "S",
    "submittedBy": "jzhao195@bloomberg.net",
    "effectiveTime": "2021-12-01T14:58:00.042Z",
    "modifiedBy": "tsgops  ",
    "modifiedTime": "2021-12-01T16:26:16.370Z",
    "naturalFlag": "Y",
    "expiryType": "GTD",
    "expiryTime": "2021-12-01T16:26:16.366Z",
    "createdBy": "tsgops  ",
    "createdTime": "2021-12-01T14:59:13.080Z"
  },
  {
    "brokerTicker": "HSBUS",
    "axeType": "DEALER_RUNS",
    "axeId": -385301900,
    "touchCount": 1,
    "scope": "P",
    "status": "A ",
    "secIdType": "1",
    "secId": "14448CAS3",
    "aladdinId": "14448CAS3",
    "tranType": "BID",
    "actualSize": 5000000,
    "source": "DEALER_RUNS",
    "brokerCode": 1532,
    "priceCurrency": "USD",
    "priceType": "P",
    "price": 106.26,
    "benchId": "US912810SZ21",
    "benchIdType": "4",
    "submittedBy": "mpeters136@bloomberg.net",
    "effectiveTime": "2021-12-02T13:20:00.005Z",
    "modifiedBy": "tsgops  ",
    "modifiedTime": "2021-12-02T13:21:52.926Z",
    "naturalFlag": "N",
    "expiryType": "GTD",
    "expiryTime": null,
    "createdBy": "tsgops  ",
    "createdTime": "2021-12-02T13:21:52.942Z",
    "ecnAxeId": "1532.14448CAS3.BID.A"
  },
  {
    "brokerTicker": "HSBUS",
    "axeType": "DEALER_RUNS",
    "axeId": -397916600,
    "touchCount": 2,
    "scope": "P",
    "status": "E ",
    "secIdType": "1",
    "secId": "14448CAS3",
    "aladdinId": "14448CAS3",
    "tranType": "BID",
    "actualSize": 5000000,
    "source": "DEALER_RUNS",
    "brokerCode": 1532,
    "priceCurrency": "USD",
    "priceType": "P",
    "price": 106.43,
    "benchId": "US912810SZ21",
    "benchIdType": "4",
    "submittedBy": "dross55@bloomberg.net",
    "effectiveTime": "2021-12-01T08:02:00.042Z",
    "modifiedBy": "tsgops  ",
    "modifiedTime": "2021-12-01T08:48:17.606Z",
    "naturalFlag": "N",
    "expiryType": "GTD",
    "expiryTime": "2021-12-01T08:48:17.603Z",
    "createdBy": "tsgops  ",
    "createdTime": "2021-12-01T08:05:22.600Z"
  },
  {
    "brokerTicker": "HSBUS",
    "axeType": "DEALER_RUNS",
    "axeId": -397916500,
    "touchCount": 2,
    "scope": "P",
    "status": "E ",
    "secIdType": "1",
    "secId": "14448CAS3",
    "aladdinId": "14448CAS3",
    "tranType": "OFFER",
    "actualSize": 5000000,
    "source": "DEALER_RUNS",
    "brokerCode": 1532,
    "priceCurrency": "USD",
    "priceType": "P",
    "price": 107.39,
    "benchId": "US912810SZ21",
    "benchIdType": "4",
    "submittedBy": "dross55@bloomberg.net",
    "effectiveTime": "2021-12-01T08:02:00.042Z",
    "modifiedBy": "tsgops  ",
    "modifiedTime": "2021-12-01T08:48:17.606Z",
    "naturalFlag": "N",
    "expiryType": "GTD",
    "expiryTime": "2021-12-01T08:48:17.603Z",
    "createdBy": "tsgops  ",
    "createdTime": "2021-12-01T08:05:23.793Z"
  },
  {
    "brokerTicker": "HSBUS",
    "axeType": "DEALER_RUNS",
    "axeId": -369619900,
    "touchCount": 2,
    "scope": "P",
    "status": "E ",
    "secIdType": "1",
    "secId": "14448CAS3",
    "aladdinId": "14448CAS3",
    "tranType": "OFFER",
    "actualSize": 5000000,
    "source": "DEALER_RUNS",
    "brokerCode": 1532,
    "priceCurrency": "USD",
    "priceType": "P",
    "price": 108.3,
    "benchId": "US912810SZ21",
    "benchIdType": "4",
    "submittedBy": "dross55@bloomberg.net",
    "effectiveTime": "2021-12-06T11:17:00.022Z",
    "modifiedBy": "tsgops  ",
    "modifiedTime": "2021-12-06T11:25:39.802Z",
    "naturalFlag": "N",
    "expiryType": "GTD",
    "expiryTime": "2021-12-06T11:25:39.799Z",
    "createdBy": "tsgops  ",
    "createdTime": "2021-12-06T11:18:48.513Z"
  },
  {
    "brokerTicker": "HSBUS",
    "axeType": "DEALER_RUNS",
    "axeId": -385301800,
    "touchCount": 1,
    "scope": "P",
    "status": "A ",
    "secIdType": "1",
    "secId": "14448CAS3",
    "aladdinId": "14448CAS3",
    "tranType": "OFFER",
    "actualSize": 5000000,
    "source": "DEALER_RUNS",
    "brokerCode": 1532,
    "priceCurrency": "USD",
    "priceType": "P",
    "price": 107.22,
    "benchId": "US912810SZ21",
    "benchIdType": "4",
    "submittedBy": "mpeters136@bloomberg.net",
    "effectiveTime": "2021-12-02T13:20:00.005Z",
    "modifiedBy": "tsgops  ",
    "modifiedTime": "2021-12-02T13:21:52.926Z",
    "naturalFlag": "N",
    "expiryType": "GTD",
    "expiryTime": null,
    "createdBy": "tsgops  ",
    "createdTime": "2021-12-02T13:21:52.979Z",
    "ecnAxeId": "1532.14448CAS3.OFFER.A"
  },
  {
    "brokerTicker": "HSBUS",
    "axeType": "DEALER_RUNS",
    "axeId": -369620000,
    "touchCount": 2,
    "scope": "P",
    "status": "E ",
    "secIdType": "1",
    "secId": "14448CAS3",
    "aladdinId": "14448CAS3",
    "tranType": "BID",
    "actualSize": 5000000,
    "source": "DEALER_RUNS",
    "brokerCode": 1532,
    "priceCurrency": "USD",
    "priceType": "P",
    "price": 107.33,
    "benchId": "US912810SZ21",
    "benchIdType": "4",
    "submittedBy": "dross55@bloomberg.net",
    "effectiveTime": "2021-12-06T11:17:00.022Z",
    "modifiedBy": "tsgops  ",
    "modifiedTime": "2021-12-06T11:25:39.802Z",
    "naturalFlag": "N",
    "expiryType": "GTD",
    "expiryTime": "2021-12-06T11:25:39.799Z",
    "createdBy": "tsgops  ",
    "createdTime": "2021-12-06T11:18:48.443Z"
  },
  {
    "brokerTicker": "MSCO",
    "axeType": "BAXE_AMER",
    "axeId": -482023580,
    "touchCount": 2,
    "scope": "P",
    "status": "E ",
    "secIdType": "1",
    "secId": "14448CAS3",
    "aladdinId": "14448CAS3",
    "tranType": "OFFER",
    "actualSize": 68000,
    "source": "Anna.Kalea@morgansta",
    "brokerCode": 12,
    "priceType": "P",
    "submittedBy": "tsgops",
    "effectiveTime": "2021-11-30T08:21:03.000Z",
    "modifiedBy": "tsgops  ",
    "modifiedTime": "2021-12-01T07:53:10.063Z",
    "naturalFlag": "N",
    "expiryType": "GTC",
    "expiryTime": "2021-12-01T07:53:05.955Z",
    "createdBy": "tsgops  ",
    "createdTime": "2021-11-30T08:21:34.876Z"
  },
  {
    "brokerTicker": "MSCO",
    "axeType": "BAXE_AMER",
    "axeId": -470585080,
    "touchCount": 2,
    "scope": "P",
    "status": "E ",
    "secIdType": "1",
    "secId": "14448CAS3",
    "aladdinId": "14448CAS3",
    "tranType": "BID",
    "actualSize": 228000,
    "source": "Anna.Kalea@morgansta",
    "brokerCode": 12,
    "priceType": "P",
    "submittedBy": "tsgops",
    "effectiveTime": "2021-12-01T08:30:26.000Z",
    "modifiedBy": "tsgops  ",
    "modifiedTime": "2021-12-02T07:47:40.726Z",
    "naturalFlag": "N",
    "expiryType": "GTC",
    "expiryTime": "2021-12-02T07:47:37.323Z",
    "createdBy": "tsgops  ",
    "createdTime": "2021-12-01T08:30:54.842Z"
  },
  {
    "brokerTicker": "MSCO",
    "axeType": "BAXE_AMER",
    "axeId": -447967180,
    "touchCount": 1,
    "scope": "P",
    "status": "A ",
    "secIdType": "1",
    "secId": "14448CAS3",
    "aladdinId": "14448CAS3",
    "tranType": "BID",
    "actualSize": 167000,
    "source": "Anna.Kalea@morgansta",
    "brokerCode": 12,
    "priceType": "P",
    "submittedBy": "tsgops",
    "effectiveTime": "2021-12-03T08:11:42.999Z",
    "modifiedBy": "tsgops  ",
    "modifiedTime": "2021-12-03T08:12:13.450Z",
    "naturalFlag": "N",
    "expiryType": "GTC",
    "expiryTime": null,
    "createdBy": "tsgops  ",
    "createdTime": "2021-12-03T08:12:19.062Z"
  },
  {
    "brokerTicker": "RBCBK",
    "axeType": "BAXE_AMER",
    "axeId": -535864305,
    "touchCount": 1,
    "scope": "P",
    "status": "E ",
    "secIdType": "1",
    "secId": "14448CAS3",
    "aladdinId": "14448CAS3",
    "tranType": "BID",
    "actualSize": 0,
    "source": "RBCIOI",
    "brokerCode": 2037,
    "submittedBy": "tsgops",
    "effectiveTime": "2021-12-02T09:11:37.160Z",
    "modifiedBy": "tsgops  ",
    "modifiedTime": "2021-12-02T09:11:37.160Z",
    "naturalFlag": "N",
    "expiryType": "GTD",
    "expiryTime": "2021-12-02T04:11:36.913Z",
    "createdBy": "tsgops  ",
    "createdTime": "2021-12-02T09:11:37.372Z",
    "ecnAxeId": "2021120117403327-20526719-1000"
  },
  {
    "brokerTicker": "RBCBK",
    "axeType": "BAXE_AMER",
    "axeId": -540729405,
    "touchCount": 1,
    "scope": "P",
    "status": "A ",
    "secIdType": "1",
    "secId": "14448CAS3",
    "aladdinId": "14448CAS3",
    "tranType": "BID",
    "actualSize": 10000000,
    "source": "RBCIOI",
    "brokerCode": 2037,
    "submittedBy": "tsgops",
    "effectiveTime": "2021-12-01T02:08:31.706Z",
    "modifiedBy": "tsgops  ",
    "modifiedTime": "2021-12-01T17:40:56.345Z",
    "naturalFlag": "N",
    "expiryType": "GTD",
    "expiryTime": null,
    "createdBy": "tsgops  ",
    "createdTime": "2021-12-01T17:40:56.366Z",
    "ecnAxeId": "2021120117403327-20526719-1000"
  },
  {
    "brokerTicker": "SAFI",
    "axeType": "BAXE_AMER",
    "axeId": -344942486,
    "touchCount": 1,
    "scope": "P",
    "status": "A ",
    "secIdType": "1",
    "secId": "14448CAS3",
    "aladdinId": "14448CAS3",
    "tranType": "OFFER",
    "actualSize": 459000,
    "source": "Matthew.Minogue@sig.",
    "brokerCode": 4418,
    "priceType": "P",
    "submittedBy": "tsgops",
    "effectiveTime": "2021-12-01T08:30:26.000Z",
    "modifiedBy": "tsgops  ",
    "modifiedTime": "2021-12-01T08:30:40.782Z",
    "naturalFlag": "N",
    "expiryType": "GTC",
    "expiryTime": null,
    "createdBy": "tsgops  ",
    "createdTime": "2021-12-01T08:30:45.363Z"
  },
  {
    "brokerTicker": "SOCG",
    "axeType": "BAXE_AMER",
    "axeId": -233452225,
    "touchCount": 1,
    "scope": "P",
    "status": "A ",
    "secIdType": "4",
    "secId": "US14448CAS35",
    "aladdinId": "14448CAS3",
    "tranType": "BID",
    "actualSize": 3000000,
    "source": "SOCIOI",
    "brokerCode": 4357,
    "priceCurrency": "USD",
    "priceType": "S",
    "price": 142,
    "benchId": "US912810SZ21",
    "benchIdType": "4",
    "benchAladdinId": "912810SZ2",
    "submittedBy": "tsgops",
    "effectiveTime": "2021-12-03T17:34:22.000Z",
    "modifiedBy": "tsgops  ",
    "modifiedTime": "2021-12-03T17:34:24.970Z",
    "naturalFlag": "N",
    "expiryType": "GTD",
    "expiryTime": null,
    "createdBy": "tsgops  ",
    "createdTime": "2021-12-03T17:34:24.972Z",
    "ecnAxeId": "1bf88e4c-a32e-4355-9415-21b100efcc2c"
  },
  {
    "brokerTicker": "SOCG",
    "axeType": "BAXE_AMER",
    "axeId": -244081225,
    "touchCount": 1,
    "scope": "P",
    "status": "A ",
    "secIdType": "4",
    "secId": "US14448CAS35",
    "aladdinId": "14448CAS3",
    "tranType": "BID",
    "actualSize": 3000000,
    "source": "SOCIOI",
    "brokerCode": 4357,
    "priceCurrency": "USD",
    "priceType": "S",
    "price": 142,
    "benchId": "US912810SZ21",
    "benchIdType": "4",
    "benchAladdinId": "912810SZ2",
    "submittedBy": "tsgops",
    "effectiveTime": "2021-12-02T17:33:36.999Z",
    "modifiedBy": "tsgops  ",
    "modifiedTime": "2021-12-02T17:33:37.595Z",
    "naturalFlag": "N",
    "expiryType": "GTD",
    "expiryTime": null,
    "createdBy": "tsgops  ",
    "createdTime": "2021-12-02T17:33:37.600Z",
    "ecnAxeId": "925b5d31-568e-468d-a9cb-32ffeb3d9455"
  },
  {
    "brokerTicker": "SOCG",
    "axeType": "BAXE_AMER",
    "axeId": -222910625,
    "touchCount": 1,
    "scope": "P",
    "status": "A ",
    "secIdType": "4",
    "secId": "US14448CAS35",
    "aladdinId": "14448CAS3",
    "tranType": "BID",
    "actualSize": 3000000,
    "source": "SOCIOI",
    "brokerCode": 4357,
    "priceCurrency": "USD",
    "priceType": "S",
    "price": 139,
    "benchId": "US912810SZ21",
    "benchIdType": "4",
    "benchAladdinId": "912810SZ2",
    "submittedBy": "tsgops",
    "effectiveTime": "2021-12-06T17:43:19.000Z",
    "modifiedBy": "tsgops  ",
    "modifiedTime": "2021-12-06T17:43:27.726Z",
    "naturalFlag": "N",
    "expiryType": "GTD",
    "expiryTime": null,
    "createdBy": "tsgops  ",
    "createdTime": "2021-12-06T17:43:27.730Z",
    "ecnAxeId": "b5755ef3-f085-40ea-b111-181dfb59b987"
  },
  {
    "brokerTicker": "TWEB",
    "axeType": "BAXE_AMER",
    "axeId": -510087415,
    "touchCount": 3,
    "scope": "P",
    "status": "E ",
    "secIdType": "4",
    "secId": "US14448CAS35",
    "aladdinId": "14448CAS3",
    "tranType": "OFFER",
    "actualSize": 1305000,
    "source": "TWEBIOI",
    "brokerCode": 1947,
    "priceCurrency": "USD",
    "priceType": "S",
    "benchId": "912810SZ2",
    "benchIdType": "1",
    "benchAladdinId": "912810SZ2",
    "submittedBy": "tsgops",
    "effectiveTime": "2021-12-01T09:05:02.999Z",
    "modifiedBy": "tsgops  ",
    "modifiedTime": "2021-12-01T09:13:05.012Z",
    "naturalFlag": "N",
    "expiryType": "GTT",
    "expiryTime": "2021-12-01T09:05:02.999Z",
    "createdBy": "tsgops  ",
    "createdTime": "2021-12-01T09:05:05.275Z",
    "ecnAxeId": "CORI_TW_BL_08__CORI211201A2ANY3434983_1_"
  },
  {
    "brokerTicker": "TWEB",
    "axeType": "BAXE_AMER",
    "axeId": -495909015,
    "touchCount": 3,
    "scope": "P",
    "status": "E ",
    "secIdType": "4",
    "secId": "US14448CAS35",
    "aladdinId": "14448CAS3",
    "tranType": "OFFER",
    "actualSize": 1808000,
    "source": "TWEBIOI",
    "brokerCode": 1947,
    "priceCurrency": "USD",
    "priceType": "S",
    "benchId": "912810SZ2",
    "benchIdType": "1",
    "benchAladdinId": "912810SZ2",
    "submittedBy": "tsgops",
    "effectiveTime": "2021-12-02T11:59:41.999Z",
    "modifiedBy": "tsgops  ",
    "modifiedTime": "2021-12-02T12:05:18.910Z",
    "naturalFlag": "N",
    "expiryType": "GTT",
    "expiryTime": "2021-12-02T11:59:41.999Z",
    "createdBy": "tsgops  ",
    "createdTime": "2021-12-02T11:59:54.609Z",
    "ecnAxeId": "CORI_TW_BL_02__CORI211202A2ANY3440493_1_"
  },
  {
    "brokerTicker": "TWEB",
    "axeType": "BAXE_AMER",
    "axeId": -473345715,
    "touchCount": 3,
    "scope": "P",
    "status": "E ",
    "secIdType": "4",
    "secId": "US14448CAS35",
    "aladdinId": "14448CAS3",
    "tranType": "BID",
    "actualSize": 1370000,
    "source": "TWEBIOI",
    "brokerCode": 1947,
    "priceCurrency": "USD",
    "priceType": "S",
    "benchId": "912810SZ2",
    "benchIdType": "1",
    "benchAladdinId": "912810SZ2",
    "submittedBy": "tsgops",
    "effectiveTime": "2021-12-06T13:35:28.999Z",
    "modifiedBy": "tsgops  ",
    "modifiedTime": "2021-12-06T13:40:33.773Z",
    "naturalFlag": "N",
    "expiryType": "GTT",
    "expiryTime": "2021-12-06T13:35:28.999Z",
    "createdBy": "tsgops  ",
    "createdTime": "2021-12-06T13:35:32.330Z",
    "ecnAxeId": "CORI_TW_BL_11__CORI211206A2ANY3447709_1_"
  },
  {
    "brokerTicker": "WELLS",
    "axeType": "DEALER_RUNS",
    "axeId": -405738120,
    "touchCount": 2,
    "scope": "P",
    "status": "E ",
    "secIdType": "1",
    "secId": "14448CAS3",
    "aladdinId": "14448CAS3",
    "tranType": "OFFER",
    "actualSize": 4984000,
    "source": "DEALER_RUNS",
    "brokerCode": 1252,
    "priceCurrency": "USD",
    "priceType": "P",
    "price": 108.36,
    "benchId": "US912810SZ21",
    "benchIdType": "4",
    "submittedBy": "wmelchionni@bloomberg.net",
    "effectiveTime": "2021-12-02T08:39:00.020Z",
    "modifiedBy": "tsgops  ",
    "modifiedTime": "2021-12-02T09:09:00.253Z",
    "naturalFlag": "N",
    "expiryType": "GTD",
    "expiryTime": "2021-12-02T09:09:00.250Z",
    "createdBy": "tsgops  ",
    "createdTime": "2021-12-02T08:40:53.476Z"
  },
  {
    "brokerTicker": "WELLS",
    "axeType": "DEALER_RUNS",
    "axeId": -414219320,
    "touchCount": 2,
    "scope": "P",
    "status": "E ",
    "secIdType": "1",
    "secId": "14448CAS3",
    "aladdinId": "14448CAS3",
    "tranType": "OFFER",
    "actualSize": 4984000,
    "source": "DEALER_RUNS",
    "brokerCode": 1252,
    "priceCurrency": "USD",
    "priceType": "P",
    "price": 107.53,
    "benchId": "US912810SZ21",
    "benchIdType": "4",
    "submittedBy": "danwilken@bloomberg.net",
    "effectiveTime": "2021-12-01T08:41:00.036Z",
    "modifiedBy": "tsgops  ",
    "modifiedTime": "2021-12-01T09:15:02.802Z",
    "naturalFlag": "N",
    "expiryType": "GTD",
    "expiryTime": "2021-12-01T09:15:02.800Z",
    "createdBy": "tsgops  ",
    "createdTime": "2021-12-01T08:42:36.856Z"
  },
  {
    "brokerTicker": "WELLS",
    "axeType": "DEALER_RUNS",
    "axeId": -396940220,
    "touchCount": 2,
    "scope": "P",
    "status": "E ",
    "secIdType": "1",
    "secId": "14448CAS3",
    "aladdinId": "14448CAS3",
    "tranType": "OFFER",
    "actualSize": 2900000,
    "source": "DEALER_RUNS",
    "brokerCode": 1252,
    "priceCurrency": "USD",
    "priceType": "P",
    "price": 108.59,
    "benchId": "US912810SZ21",
    "benchIdType": "4",
    "submittedBy": "anaon4@bloomberg.net",
    "effectiveTime": "2021-12-03T08:23:00.025Z",
    "modifiedBy": "tsgops  ",
    "modifiedTime": "2021-12-03T08:38:43.560Z",
    "naturalFlag": "Y",
    "expiryType": "GTD",
    "expiryTime": "2021-12-03T08:38:43.556Z",
    "createdBy": "tsgops  ",
    "createdTime": "2021-12-03T08:26:13.659Z"
  },
  {
    "brokerTicker": "WELLS",
    "axeType": "DEALER_RUNS",
    "axeId": -387731420,
    "touchCount": 2,
    "scope": "P",
    "status": "E ",
    "secIdType": "1",
    "secId": "14448CAS3",
    "aladdinId": "14448CAS3",
    "tranType": "OFFER",
    "source": "DEALER_RUNS",
    "brokerCode": 1252,
    "priceCurrency": "USD",
    "priceType": "P",
    "price": 109.81,
    "benchId": "US912810SZ21",
    "benchIdType": "4",
    "submittedBy": "anaon4@bloomberg.net",
    "effectiveTime": "2021-12-06T09:10:00.016Z",
    "modifiedBy": "tsgops  ",
    "modifiedTime": "2021-12-06T09:19:34.226Z",
    "naturalFlag": "Y",
    "expiryType": "GTD",
    "expiryTime": "2021-12-06T09:19:34.222Z",
    "createdBy": "tsgops  ",
    "createdTime": "2021-12-06T09:13:07.005Z"
  },
  {
    "brokerTicker": "WELLS",
    "axeType": "DEALER_RUNS",
    "axeId": -405338320,
    "touchCount": 1,
    "scope": "P",
    "status": "A ",
    "secIdType": "1",
    "secId": "14448CAS3",
    "aladdinId": "14448CAS3",
    "tranType": "BID",
    "source": "DEALER_RUNS",
    "brokerCode": 1252,
    "priceCurrency": "USD",
    "priceType": "P",
    "price": 107.39,
    "benchId": "US912810SZ21",
    "benchIdType": "4",
    "submittedBy": "danwilken@bloomberg.net",
    "effectiveTime": "2021-12-02T09:07:00.023Z",
    "modifiedBy": "tsgops  ",
    "modifiedTime": "2021-12-02T09:09:00.250Z",
    "naturalFlag": "Y",
    "expiryType": "GTD",
    "expiryTime": null,
    "createdBy": "tsgops  ",
    "createdTime": "2021-12-02T09:09:03.606Z",
    "ecnAxeId": "1252.14448CAS3.BID.A"
  },
  {
    "brokerTicker": "WELLS",
    "axeType": "DEALER_RUNS",
    "axeId": -396940320,
    "touchCount": 2,
    "scope": "P",
    "status": "E ",
    "secIdType": "1",
    "secId": "14448CAS3",
    "aladdinId": "14448CAS3",
    "tranType": "BID",
    "source": "DEALER_RUNS",
    "brokerCode": 1252,
    "priceCurrency": "USD",
    "priceType": "P",
    "price": 107.62,
    "benchId": "US912810SZ21",
    "benchIdType": "4",
    "submittedBy": "anaon4@bloomberg.net",
    "effectiveTime": "2021-12-03T08:23:00.025Z",
    "modifiedBy": "tsgops  ",
    "modifiedTime": "2021-12-03T08:38:43.560Z",
    "naturalFlag": "Y",
    "expiryType": "GTD",
    "expiryTime": "2021-12-03T08:38:43.556Z",
    "createdBy": "tsgops  ",
    "createdTime": "2021-12-03T08:26:13.615Z"
  },
  {
    "brokerTicker": "WELLS",
    "axeType": "DEALER_RUNS",
    "axeId": -387731520,
    "touchCount": 2,
    "scope": "P",
    "status": "E ",
    "secIdType": "1",
    "secId": "14448CAS3",
    "aladdinId": "14448CAS3",
    "tranType": "BID",
    "actualSize": 5000000,
    "source": "DEALER_RUNS",
    "brokerCode": 1252,
    "priceCurrency": "USD",
    "priceType": "P",
    "price": 108.83,
    "benchId": "US912810SZ21",
    "benchIdType": "4",
    "submittedBy": "anaon4@bloomberg.net",
    "effectiveTime": "2021-12-06T09:10:00.016Z",
    "modifiedBy": "tsgops  ",
    "modifiedTime": "2021-12-06T09:19:34.226Z",
    "naturalFlag": "Y",
    "expiryType": "GTD",
    "expiryTime": "2021-12-06T09:19:34.222Z",
    "createdBy": "tsgops  ",
    "createdTime": "2021-12-06T09:13:06.999Z"
  },
  {
    "brokerTicker": "WELLS",
    "axeType": "DEALER_RUNS",
    "axeId": -414501720,
    "touchCount": 2,
    "scope": "P",
    "status": "E ",
    "secIdType": "1",
    "secId": "14448CAS3",
    "aladdinId": "14448CAS3",
    "tranType": "BID",
    "source": "DEALER_RUNS",
    "brokerCode": 1252,
    "priceCurrency": "USD",
    "priceType": "P",
    "price": 106.47,
    "benchId": "US912810SZ21",
    "benchIdType": "4",
    "submittedBy": "danwilken@bloomberg.net",
    "effectiveTime": "2021-12-01T08:20:00.006Z",
    "modifiedBy": "tsgops  ",
    "modifiedTime": "2021-12-01T09:15:02.802Z",
    "naturalFlag": "Y",
    "expiryType": "GTD",
    "expiryTime": "2021-12-01T09:15:02.800Z",
    "createdBy": "tsgops  ",
    "createdTime": "2021-12-01T08:26:40.892Z"
  },
  {
    "brokerTicker": "WFSEC",
    "axeType": "BAXE_AMER",
    "axeId": 6633082,
    "touchCount": 1,
    "scope": "P",
    "status": "E ",
    "secIdType": "1",
    "secId": "14448CAS3",
    "aladdinId": "14448CAS3",
    "tranType": "BID",
    "actualSize": 0,
    "source": "WFIOI",
    "brokerCode": 150,
    "priceCurrency": "USD",
    "priceType": "S",
    "price": 143,
    "benchId": "912810SZ2",
    "benchIdType": "1",
    "benchAladdinId": "912810SZ2",
    "submittedBy": "tsgops",
    "effectiveTime": "2021-12-02T16:54:48.955Z",
    "modifiedBy": "tsgops  ",
    "modifiedTime": "2021-12-02T16:54:48.955Z",
    "naturalFlag": "N",
    "expiryType": "GTD",
    "expiryTime": "2021-12-02T16:54:47.999Z",
    "createdBy": "tsgops  ",
    "createdTime": "2021-12-02T16:54:48.962Z",
    "ecnAxeId": "494223"
  },
  {
    "brokerTicker": "WFSEC",
    "axeType": "BAXE_AMER",
    "axeId": 1677982,
    "touchCount": 2,
    "scope": "P",
    "status": "E ",
    "secIdType": "1",
    "secId": "14448CAS3",
    "aladdinId": "14448CAS3",
    "tranType": "OFFER",
    "actualSize": 4984000,
    "source": "WFIOI",
    "brokerCode": 150,
    "priceCurrency": "USD",
    "priceType": "S",
    "price": 138,
    "benchId": "912810SZ2",
    "benchIdType": "1",
    "benchAladdinId": "912810SZ2",
    "submittedBy": "tsgops",
    "effectiveTime": "2021-12-02T09:49:57.999Z",
    "modifiedBy": "tsgops  ",
    "modifiedTime": "2021-12-02T16:54:48.966Z",
    "naturalFlag": "N",
    "expiryType": "GTD",
    "expiryTime": "2021-12-02T16:54:48.966Z",
    "createdBy": "tsgops  ",
    "createdTime": "2021-12-02T09:50:22.606Z",
    "ecnAxeId": "494224"
  },
  {
    "brokerTicker": "WFSEC",
    "axeType": "BAXE_AMER",
    "axeId": -4561118,
    "touchCount": 2,
    "scope": "P",
    "status": "E ",
    "secIdType": "1",
    "secId": "14448CAS3",
    "aladdinId": "14448CAS3",
    "tranType": "OFFER",
    "actualSize": 4984000,
    "source": "WFIOI",
    "brokerCode": 150,
    "priceCurrency": "USD",
    "priceType": "S",
    "price": 137,
    "benchId": "912810SZ2",
    "benchIdType": "1",
    "benchAladdinId": "912810SZ2",
    "submittedBy": "tsgops",
    "effectiveTime": "2021-12-01T17:05:04.000Z",
    "modifiedBy": "tsgops  ",
    "modifiedTime": "2021-12-01T17:05:26.682Z",
    "naturalFlag": "N",
    "expiryType": "GTD",
    "expiryTime": "2021-12-01T17:05:26.682Z",
    "createdBy": "tsgops  ",
    "createdTime": "2021-12-01T17:05:18.980Z",
    "ecnAxeId": "1626862"
  },
  {
    "brokerTicker": "WFSEC",
    "axeType": "BAXE_AMER",
    "axeId": 27933982,
    "touchCount": 1,
    "scope": "P",
    "status": "E ",
    "secIdType": "1",
    "secId": "14448CAS3",
    "aladdinId": "14448CAS3",
    "tranType": "OFFER",
    "actualSize": 0,
    "source": "WFIOI",
    "brokerCode": 150,
    "priceCurrency": "USD",
    "priceType": "S",
    "price": 133,
    "benchId": "912810SZ2",
    "benchIdType": "1",
    "benchAladdinId": "912810SZ2",
    "submittedBy": "tsgops",
    "effectiveTime": "2021-12-06T17:05:43.736Z",
    "modifiedBy": "tsgops  ",
    "modifiedTime": "2021-12-06T17:05:43.736Z",
    "naturalFlag": "N",
    "expiryType": "GTD",
    "expiryTime": "2021-12-06T17:05:12.999Z",
    "createdBy": "tsgops  ",
    "createdTime": "2021-12-06T17:05:43.749Z",
    "ecnAxeId": "1066088"
  },
  {
    "brokerTicker": "WFSEC",
    "axeType": "BAXE_AMER",
    "axeId": 27927882,
    "touchCount": 2,
    "scope": "P",
    "status": "E ",
    "secIdType": "1",
    "secId": "14448CAS3",
    "aladdinId": "14448CAS3",
    "tranType": "BID",
    "actualSize": 5000000,
    "source": "WFIOI",
    "brokerCode": 150,
    "priceCurrency": "USD",
    "priceType": "S",
    "price": 138,
    "benchId": "912810SZ2",
    "benchIdType": "1",
    "benchAladdinId": "912810SZ2",
    "submittedBy": "tsgops",
    "effectiveTime": "2021-12-06T17:05:04.000Z",
    "modifiedBy": "tsgops  ",
    "modifiedTime": "2021-12-06T17:05:43.726Z",
    "naturalFlag": "N",
    "expiryType": "GTD",
    "expiryTime": "2021-12-06T17:05:43.726Z",
    "createdBy": "tsgops  ",
    "createdTime": "2021-12-06T17:05:26.312Z",
    "ecnAxeId": "1066087"
  },
  {
    "brokerTicker": "WFSEC",
    "axeType": "BAXE_AMER",
    "axeId": 12824582,
    "touchCount": 1,
    "scope": "P",
    "status": "E ",
    "secIdType": "1",
    "secId": "14448CAS3",
    "aladdinId": "14448CAS3",
    "tranType": "OFFER",
    "actualSize": 0,
    "source": "WFIOI",
    "brokerCode": 150,
    "priceCurrency": "USD",
    "priceType": "S",
    "price": 136,
    "benchId": "912810SZ2",
    "benchIdType": "1",
    "benchAladdinId": "912810SZ2",
    "submittedBy": "tsgops",
    "effectiveTime": "2021-12-03T10:00:52.273Z",
    "modifiedBy": "tsgops  ",
    "modifiedTime": "2021-12-03T10:00:52.273Z",
    "naturalFlag": "N",
    "expiryType": "GTD",
    "expiryTime": "2021-12-03T10:00:15.000Z",
    "createdBy": "tsgops  ",
    "createdTime": "2021-12-03T10:00:58.060Z",
    "ecnAxeId": "483094"
  },
  {
    "brokerTicker": "WFSEC",
    "axeType": "BAXE_AMER",
    "axeId": 12824482,
    "touchCount": 1,
    "scope": "P",
    "status": "A ",
    "secIdType": "1",
    "secId": "14448CAS3",
    "aladdinId": "14448CAS3",
    "tranType": "BID",
    "actualSize": 5000000,
    "source": "WFIOI",
    "brokerCode": 150,
    "priceCurrency": "USD",
    "priceType": "S",
    "price": 141,
    "benchId": "912810SZ2",
    "benchIdType": "1",
    "benchAladdinId": "912810SZ2",
    "submittedBy": "tsgops",
    "effectiveTime": "2021-12-03T10:00:15.000Z",
    "modifiedBy": "tsgops  ",
    "modifiedTime": "2021-12-03T10:00:52.266Z",
    "naturalFlag": "N",
    "expiryType": "GTD",
    "expiryTime": null,
    "createdBy": "tsgops  ",
    "createdTime": "2021-12-03T10:00:58.342Z",
    "ecnAxeId": "484535"
  },
  {
    "brokerTicker": "WFSEC",
    "axeType": "BAXE_AMER",
    "axeId": -4560018,
    "touchCount": 1,
    "scope": "P",
    "status": "E ",
    "secIdType": "1",
    "secId": "14448CAS3",
    "aladdinId": "14448CAS3",
    "tranType": "BID",
    "actualSize": 0,
    "source": "WFIOI",
    "brokerCode": 150,
    "priceCurrency": "USD",
    "priceType": "S",
    "price": 142,
    "benchId": "912810SZ2",
    "benchIdType": "1",
    "benchAladdinId": "912810SZ2",
    "submittedBy": "tsgops",
    "effectiveTime": "2021-12-01T17:05:26.585Z",
    "modifiedBy": "tsgops  ",
    "modifiedTime": "2021-12-01T17:05:26.585Z",
    "naturalFlag": "N",
    "expiryType": "GTD",
    "expiryTime": "2021-12-01T17:05:09.000Z",
    "createdBy": "tsgops  ",
    "createdTime": "2021-12-01T17:05:26.609Z",
    "ecnAxeId": "1626861"
  }
]