[
    {
        "id": 1,
        "first_name": "Berte",
        "last_name": "Mapledorum"
    },
    {
        "id": 2,
        "first_name": "Cordell",
        "last_name": "Derle"
    },
    {
        "id": 3,
        "first_name": "Alwin",
        "last_name": "Gully"
    },
    {
        "id": 4,
        "first_name": "Priscella",
        "last_name": "Dabourne"
    },
    {
        "id": 5,
        "first_name": "Whitaker",
        "last_name": "Lackington"
    },
    {
        "id": 6,
        "first_name": "Garth",
        "last_name": "O'Neary"
    },
    {
        "id": 7,
        "first_name": "Robinetta",
        "last_name": "Attreed"
    },
    {
        "id": 8,
        "first_name": "Abram",
        "last_name": "Mosson"
    },
    {
        "id": 9,
        "first_name": "Maxi",
        "last_name": "Dixie"
    },
    {
        "id": 10,
        "first_name": "Rori",
        "last_name": "De Vaar"
    },
    {
        "id": 11,
        "first_name": "Sawyere",
        "last_name": "Ebenezer"
    },
    {
        "id": 12,
        "first_name": "Ranice",
        "last_name": "Coursor"
    },
    {
        "id": 13,
        "first_name": "Babb",
        "last_name": "Lomb"
    },
    {
        "id": 14,
        "first_name": "Tonnie",
        "last_name": "Eddow"
    },
    {
        "id": 15,
        "first_name": "Thaine",
        "last_name": "McCook"
    },
    {
        "id": 16,
        "first_name": "Angie",
        "last_name": "Werlock"
    },
    {
        "id": 17,
        "first_name": "Perry",
        "last_name": "De Witt"
    },
    {
        "id": 18,
        "first_name": "Debee",
        "last_name": "Tomadoni"
    },
    {
        "id": 19,
        "first_name": "Neala",
        "last_name": "Rayer"
    },
    {
        "id": 20,
        "first_name": "Launce",
        "last_name": "Harness"
    },
    {
        "id": 21,
        "first_name": "Vail",
        "last_name": "Tomsu"
    },
    {
        "id": 22,
        "first_name": "Delano",
        "last_name": "Zanettini"
    },
    {
        "id": 23,
        "first_name": "Jeramey",
        "last_name": "Leuren"
    },
    {
        "id": 24,
        "first_name": "Dilly",
        "last_name": "Espinoza"
    },
    {
        "id": 25,
        "first_name": "Berna",
        "last_name": "MacAlpine"
    },
    {
        "id": 26,
        "first_name": "Nicko",
        "last_name": "Collumbell"
    },
    {
        "id": 27,
        "first_name": "Francine",
        "last_name": "Charman"
    },
    {
        "id": 28,
        "first_name": "Consuela",
        "last_name": "Jeandin"
    },
    {
        "id": 29,
        "first_name": "Rasia",
        "last_name": "Kleingrub"
    },
    {
        "id": 30,
        "first_name": "Sonny",
        "last_name": "Colthard"
    },
    {
        "id": 31,
        "first_name": "Elroy",
        "last_name": "Millett"
    },
    {
        "id": 32,
        "first_name": "Halette",
        "last_name": "Maypother"
    },
    {
        "id": 33,
        "first_name": "Melli",
        "last_name": "Stormont"
    },
    {
        "id": 34,
        "first_name": "Laurens",
        "last_name": "Duckers"
    },
    {
        "id": 35,
        "first_name": "Christen",
        "last_name": "Sheara"
    },
    {
        "id": 36,
        "first_name": "Linell",
        "last_name": "Bonellie"
    },
    {
        "id": 37,
        "first_name": "Amber",
        "last_name": "Oakhill"
    },
    {
        "id": 38,
        "first_name": "Pen",
        "last_name": "Westfield"
    },
    {
        "id": 39,
        "first_name": "Gianni",
        "last_name": "Rowthorne"
    },
    {
        "id": 40,
        "first_name": "Cam",
        "last_name": "Jacke"
    },
    {
        "id": 41,
        "first_name": "Philippa",
        "last_name": "Hainsworth"
    },
    {
        "id": 42,
        "first_name": "Humfried",
        "last_name": "Chaffin"
    },
    {
        "id": 43,
        "first_name": "Aindrea",
        "last_name": "McArt"
    },
    {
        "id": 44,
        "first_name": "Nananne",
        "last_name": "Brouard"
    },
    {
        "id": 45,
        "first_name": "Deerdre",
        "last_name": "Dorrian"
    },
    {
        "id": 46,
        "first_name": "Zsa zsa",
        "last_name": "Paschke"
    },
    {
        "id": 47,
        "first_name": "Alikee",
        "last_name": "Bourne"
    },
    {
        "id": 48,
        "first_name": "Elias",
        "last_name": "Biddwell"
    },
    {
        "id": 49,
        "first_name": "Ruthe",
        "last_name": "Abramow"
    },
    {
        "id": 50,
        "first_name": "Tirrell",
        "last_name": "Hawtin"
    },
    {
        "id": 51,
        "first_name": "Guillaume",
        "last_name": "Gianilli"
    },
    {
        "id": 52,
        "first_name": "Mil",
        "last_name": "Mantrup"
    },
    {
        "id": 53,
        "first_name": "Dareen",
        "last_name": "MacIan"
    },
    {
        "id": 54,
        "first_name": "Tedra",
        "last_name": "Mablestone"
    },
    {
        "id": 55,
        "first_name": "Shara",
        "last_name": "Andree"
    },
    {
        "id": 56,
        "first_name": "Terence",
        "last_name": "Korneev"
    },
    {
        "id": 57,
        "first_name": "Roi",
        "last_name": "Merryfield"
    },
    {
        "id": 58,
        "first_name": "Rafaello",
        "last_name": "Tongue"
    },
    {
        "id": 59,
        "first_name": "Fabian",
        "last_name": "Fruin"
    },
    {
        "id": 60,
        "first_name": "Reggi",
        "last_name": "Lifton"
    },
    {
        "id": 61,
        "first_name": "Price",
        "last_name": "Bunting"
    },
    {
        "id": 62,
        "first_name": "Augustine",
        "last_name": "Seymour"
    },
    {
        "id": 63,
        "first_name": "Lesley",
        "last_name": "Golt"
    },
    {
        "id": 64,
        "first_name": "Carolan",
        "last_name": "Winfield"
    },
    {
        "id": 65,
        "first_name": "Kit",
        "last_name": "Bedell"
    },
    {
        "id": 66,
        "first_name": "Jerry",
        "last_name": "Ambrosch"
    },
    {
        "id": 67,
        "first_name": "Welch",
        "last_name": "Garstang"
    },
    {
        "id": 68,
        "first_name": "Jo-ann",
        "last_name": "Forsythe"
    },
    {
        "id": 69,
        "first_name": "Karee",
        "last_name": "Quinion"
    },
    {
        "id": 70,
        "first_name": "Bette",
        "last_name": "Mottley"
    },
    {
        "id": 71,
        "first_name": "Vevay",
        "last_name": "Jandera"
    },
    {
        "id": 72,
        "first_name": "Mattie",
        "last_name": "Christiensen"
    },
    {
        "id": 73,
        "first_name": "Odessa",
        "last_name": "Champneys"
    },
    {
        "id": 74,
        "first_name": "Kenneth",
        "last_name": "Giovannazzi"
    },
    {
        "id": 75,
        "first_name": "Martica",
        "last_name": "Casterou"
    },
    {
        "id": 76,
        "first_name": "Walsh",
        "last_name": "Tuison"
    },
    {
        "id": 77,
        "first_name": "Adelice",
        "last_name": "Shelvey"
    },
    {
        "id": 78,
        "first_name": "Nerita",
        "last_name": "Kondratenya"
    },
    {
        "id": 79,
        "first_name": "Xenia",
        "last_name": "Ricciardi"
    },
    {
        "id": 80,
        "first_name": "Cammi",
        "last_name": "Presnail"
    },
    {
        "id": 81,
        "first_name": "Garreth",
        "last_name": "Lindenberg"
    },
    {
        "id": 82,
        "first_name": "Darda",
        "last_name": "Murch"
    },
    {
        "id": 83,
        "first_name": "Erica",
        "last_name": "Baguley"
    },
    {
        "id": 84,
        "first_name": "Gal",
        "last_name": "Myatt"
    },
    {
        "id": 85,
        "first_name": "Denny",
        "last_name": "Aldus"
    },
    {
        "id": 86,
        "first_name": "Gearard",
        "last_name": "Boreland"
    },
    {
        "id": 87,
        "first_name": "Kristen",
        "last_name": "Beckey"
    },
    {
        "id": 88,
        "first_name": "Linda",
        "last_name": "Ebenezer"
    },
    null,
    null,
    {
        "id": 89,
        "first_name": "Bobbie",
        "last_name": "O'Halligan"
    },
    {
        "id": 90,
        "first_name": "Bibby",
        "last_name": "Wonham"
    },
    null,
    {
        "id": 91,
        "first_name": "Silvana",
        "last_name": "O'Dyvoie"
    },
    {
        "id": 92,
        "first_name": "Sorcha",
        "last_name": "McIlhone"
    },
    {
        "id": 93,
        "first_name": "Carr",
        "last_name": "Jayne"
    },
    {
        "id": 94,
        "first_name": "Rabi",
        "last_name": "Kibbe"
    },
    {
        "id": 95,
        "first_name": "Michelina",
        "last_name": "Manie"
    },
    {
        "id": 96,
        "first_name": "Jacky",
        "last_name": "Carloni"
    },
    {
        "id": 97,
        "first_name": "Gaultiero",
        "last_name": "Sporton"
    },
    {
        "id": 98,
        "first_name": "Consuela",
        "last_name": "Jasper"
    },
    {
        "id": 99,
        "first_name": "Freemon",
        "last_name": "Signe"
    },
    {
        "id": 100,
        "first_name": "Collin",
        "last_name": "Depka"
    }
]
