[[33,"aux-form",{"header":[513],"assistiveText":[513,"assistive-text"],"hasDivider":[516,"has-divider"],"setFormSemantics":[516,"set-form-semantics"],"isTracking":[4,"is-tracking"],"trackingData":[16],"dataTestSuffix":[8,"data-test-suffix"]}],[33,"aux-form-group",{"header":[513],"assistiveText":[513,"assistive-text"],"hasTopDivider":[516,"has-top-divider"],"isDisabled":[516,"is-disabled"],"hasDivider":[516,"has-divider"],"setGroupSemantics":[516,"set-group-semantics"],"isTracking":[4,"is-tracking"],"trackingData":[16],"dataTestSuffix":[8,"data-test-suffix"]}],[33,"aux-form-item",{"dataTestSuffix":[8,"data-test-suffix"],"hasSuffix":[4,"has-suffix"]}]]