[[33,"aux-date-input",{"value":[1537],"dateFormat":[1537,"date-format"],"label":[513],"assistiveText":[513,"assistive-text"],"placeholder":[1537],"isLeftLabel":[516,"is-left-label"],"size":[513],"prefixLabel":[513,"prefix-label"],"suffixLabel":[513,"suffix-label"],"prefixIcon":[513,"prefix-icon"],"suffixIcon":[513,"suffix-icon"],"suffixAssistiveText":[513,"suffix-assistive-text"],"suffixHasPopup":[513,"suffix-has-popup"],"isSuffixExpanded":[1540,"is-suffix-expanded"],"isPrefixEditable":[516,"is-prefix-editable"],"isSuffixEditable":[516,"is-suffix-editable"],"matchContentWidth":[516,"match-content-width"],"textAlign":[513,"text-align"],"hasComboStyle":[1540,"has-combo-style"],"blurredElement":[1537,"blurred-element"],"eventData":[8,"event-data"],"isRequired":[516,"is-required"],"isDisabled":[1540,"is-disabled"],"errorMessage":[1537,"error-message"],"isValid":[1540,"is-valid"],"skipValidation":[516,"skip-validation"],"isTracking":[4,"is-tracking"],"trackingData":[16],"dataTestSuffix":[520,"data-test-suffix"],"keepMouseFocus":[516,"keep-mouse-focus"],"isFocused":[32],"focusSource":[32],"hasKeyboardFocus":[32],"setValue":[64],"toggleDisable":[64],"validateForRequired":[64],"toggleBlurComboStyle":[64],"focusInput":[64],"getPrefixRef":[64],"getSuffixRef":[64],"getInputContainerRef":[64],"clearValue":[64],"validate":[64]}]]