[[38,"aux-inline-menu",{"data":[16],"trigger":[513],"hoverClass":[16],"isActive":[1540,"is-active"],"metadata":[16],"eventData":[8,"event-data"],"overridePlacement":[1,"override-placement"],"sourceElementCustomClass":[16],"targetElementCustomClass":[16],"scrollToFit":[516,"scroll-to-fit"],"isTracking":[4,"is-tracking"],"trackingData":[16],"assistiveLabel":[1,"assistive-label"],"dataTestSuffix":[8,"data-test-suffix"],"isOpen":[1540,"is-open"],"keepMouseFocus":[4,"keep-mouse-focus"],"focusSource":[32],"isFlyoutOpenMap":[32],"open":[64],"close":[64],"updatePosition":[64]}]]