[[33,"aux-pagination-advanced",{"numPages":[514,"num-pages"],"maxPageShown":[1026,"max-page-shown"],"activePage":[1538,"active-page"],"startPage":[1026,"start-page"],"maxPageNumber":[1538,"max-page-number"],"isBackDisabled":[4,"is-back-disabled"],"isNextDisabled":[1028,"is-next-disabled"],"isInputVisible":[1028,"is-input-visible"],"assistiveLabel":[1,"assistive-label"],"isTracking":[4,"is-tracking"],"trackingData":[16],"keepMouseFocus":[4,"keep-mouse-focus"],"dataTestSuffix":[8,"data-test-suffix"],"eventData":[8,"event-data"],"focusSource":[32]}]]