[[33,"aux-accordion-expansion-panel",{"isInnerAccordion":[516,"is-inner-accordion"],"header":[513],"secondaryHeader":[513,"secondary-header"],"isDisabled":[516,"is-disabled"],"isExpanded":[1540,"is-expanded"],"isBorderLess":[1540,"is-border-less"],"hasBottomBorder":[1540,"has-bottom-border"],"isBold":[516,"is-bold"],"isLargeCompact":[516,"is-large-compact"],"customStyle":[16],"size":[513],"uid":[513],"isTracking":[4,"is-tracking"],"trackingData":[16],"dataTestSuffix":[8,"data-test-suffix"],"headingLevel":[514,"heading-level"],"keepMouseFocus":[4,"keep-mouse-focus"],"parentUid":[1,"parent-uid"],"isFacetedFilter":[4,"is-faceted-filter"],"isSideNav":[4,"is-side-nav"],"isSideNavHeader":[4,"is-side-nav-header"],"focusSource":[32],"setContainerHost":[64]}],[33,"aux-accordion",{"size":[513],"isFreeMode":[516,"is-free-mode"],"isBorderLess":[516,"is-border-less"],"hasBottomBorder":[516,"has-bottom-border"],"isBold":[516,"is-bold"],"isLargeCompact":[516,"is-large-compact"],"customStyle":[16],"activeTabIndex":[1538,"active-tab-index"],"expandAll":[516,"expand-all"],"collapseAll":[516,"collapse-all"],"dataTestSuffix":[520,"data-test-suffix"],"headingLevel":[2,"heading-level"],"isFacetedFilter":[4,"is-faceted-filter"],"isValid":[32],"isLoaded":[32],"removeAccordionExpansionPanel":[64]},[[0,"expansionPanelCreated","expansionPanelCreatedHandler"],[0,"expansionPanelConnected","expansionPanelConnectedHandler"],[0,"keydown","handleKeyDown"],[0,"panelClicked","expansionPanelClickedHandler"]]]]