[[33,"aux-text-input",{"autoFocus":[516,"auto-focus"],"value":[1537],"validator":[16],"isRequired":[4,"is-required"],"label":[513],"assistiveText":[513,"assistive-text"],"placeholder":[1537],"isDisabled":[1540,"is-disabled"],"isReadOnly":[516,"is-read-only"],"isLeftLabel":[4,"is-left-label"],"type":[1537],"size":[1],"prefixLabel":[513,"prefix-label"],"suffixLabel":[513,"suffix-label"],"prefixIcon":[513,"prefix-icon"],"suffixIcon":[513,"suffix-icon"],"matchContentWidth":[4,"match-content-width"],"isTextUpperCase":[4,"is-text-upper-case"],"textAlign":[1,"text-align"],"hasClearButton":[4,"has-clear-button"],"hasClearButtonOnFocus":[4,"has-clear-button-on-focus"],"errorMessage":[1537,"error-message"],"isValid":[1540,"is-valid"],"step":[514],"maxLength":[2,"max-length"],"isTracking":[4,"is-tracking"],"trackingData":[16],"dataTestSuffix":[8,"data-test-suffix"],"autocompleteValue":[1,"autocomplete-value"],"hasPopupValue":[1,"has-popup-value"],"keepMouseFocus":[4,"keep-mouse-focus"],"isSearchBox":[4,"is-search-box"],"showPlaceholderOnFocus":[516,"show-placeholder-on-focus"],"removePadding":[4,"remove-padding"],"isPlaceholderItalic":[4,"is-placeholder-italic"],"isFocused":[32],"hasKeyboardFocus":[32],"setValue":[64],"select":[64],"toggleDisable":[64],"validateForRequired":[64],"validate":[64],"focusInput":[64],"blurInput":[64],"getSelectionRangeProps":[64],"setSelectionRange":[64]}]]