[[33,"aux-search-field",{"autoFocus":[516,"auto-focus"],"hasDynamicHint":[4,"has-dynamic-hint"],"type":[513],"size":[513],"isDisabled":[516,"is-disabled"],"typeaheadProps":[1040],"placeholder":[1537],"hasAdvancedSearch":[4,"has-advanced-search"],"metadata":[8],"selectProps":[1040],"searchValue":[1537,"search-value"],"hasSelectAll":[4,"has-select-all"],"isTracking":[4,"is-tracking"],"trackingData":[16],"dataTestSuffix":[8,"data-test-suffix"],"autocompleteValue":[1,"autocomplete-value"],"hasPopupValue":[1,"has-popup-value"],"keepMouseFocus":[4,"keep-mouse-focus"],"searchAssistiveLabel":[1,"search-assistive-label"],"inputAssistiveLabel":[1,"input-assistive-label"],"selectAssistiveLabel":[1,"select-assistive-label"],"componentType":[32],"hasFocus":[32],"isSearchButtonActive":[32],"selectedParameter":[32],"focusSource":[32]}]]