[[33,"aux-numeric-stepper",{"step":[514],"minValue":[1026,"min-value"],"maxValue":[1026,"max-value"],"stepperValue":[1537,"stepper-value"],"validator":[16],"isRequired":[4,"is-required"],"label":[513],"assistiveText":[1,"assistive-text"],"isLeftLabel":[4,"is-left-label"],"prepended":[1],"appended":[1],"isDisabled":[1540,"is-disabled"],"errorMessage":[1537,"error-message"],"isValid":[1540,"is-valid"],"defaultValue":[513,"default-value"],"isTracking":[516,"is-tracking"],"trackingData":[16],"dataTestSuffix":[8,"data-test-suffix"],"keepMouseFocus":[1028,"keep-mouse-focus"],"focusSource":[1025,"focus-source"],"eventData":[8,"event-data"],"inputFocused":[32],"containerElement":[32],"stepperElement":[32],"inputElement":[32],"setValue":[64],"toggleDisable":[64],"validateForRequired":[64],"validate":[64]},[[5,"mousedown","documentMouseDownHandler"]]]]