[[33,"aux-pillbox",{"placeholder":[513],"data":[1040],"size":[513],"label":[513],"assistiveText":[513,"assistive-text"],"pillboxAssistiveText":[1,"pillbox-assistive-text"],"inputAssistiveText":[1,"input-assistive-text"],"hasClearAll":[4,"has-clear-all"],"hasTruncation":[4,"has-truncation"],"type":[513],"isTracking":[4,"is-tracking"],"trackingData":[16],"dataTestSuffix":[8,"data-test-suffix"],"isFacetedFilter":[4,"is-faceted-filter"],"componentType":[32],"truncatedPills":[32],"focusSource":[32]}]]