[[33,"aux-checkbox-group",{"size":[1],"isStacked":[516,"is-stacked"],"label":[513],"assistiveText":[513,"assistive-text"],"data":[1040],"isDisabled":[516,"is-disabled"],"isHeaderBold":[516,"is-header-bold"],"hasSelectAll":[516,"has-select-all"],"selectAllLabel":[513,"select-all-label"],"validator":[16],"errorMessage":[1537,"error-message"],"isValid":[1540,"is-valid"],"isRequired":[516,"is-required"],"isTracking":[4,"is-tracking"],"trackingData":[16],"dataTestSuffix":[8,"data-test-suffix"],"keepMouseFocus":[516,"keep-mouse-focus"],"isMixed":[32],"isChecked":[32],"setValue":[64],"toggleDisable":[64],"validateForRequired":[64],"validate":[64]},[[0,"checkboxChanged","checkboxGroupChangedHandler"]]]]