[[33,"aux-secondary-navigation-option",{"value":[1544],"displayValue":[513,"display-value"],"isSelected":[1540,"is-selected"],"isDisabled":[516,"is-disabled"],"hasDivider":[4,"has-divider"],"hasDelete":[4,"has-delete"],"icon":[1537],"isTracking":[4,"is-tracking"],"trackingData":[16],"dataTestSuffix":[8,"data-test-suffix"],"keepMouseFocus":[4,"keep-mouse-focus"],"iconAssistiveText":[1,"icon-assistive-text"],"isListItem":[4,"is-list-item"],"isSideNav":[4,"is-side-nav"],"focusSource":[32],"iconActive":[32],"isFocused":[32]}],[33,"aux-secondary-navigation",{"position":[513],"header":[513],"assistiveLabel":[513,"assistive-label"],"selection":[513],"isTracking":[4,"is-tracking"],"trackingData":[16],"dataTestSuffix":[8,"data-test-suffix"],"isOpen":[1540,"is-open"],"headingLevel":[514,"heading-level"],"hasHeader":[32],"componentType":[32]},[[0,"optionGroupSelected","handleSingleSelection"]]],[33,"aux-secondary-navigation-option-group",{"hasOptionsDivider":[4,"has-options-divider"],"hasBottomDivider":[516,"has-bottom-divider"],"selection":[513],"isTracking":[4,"is-tracking"],"trackingData":[16],"dataTestSuffix":[8,"data-test-suffix"],"reset":[64]},[[0,"optionSelected","handleSingleSelection"]]]]