[[0,"aux-time-input",{"value":[1537],"label":[513],"assistiveText":[513,"assistive-text"],"placeholder":[1537],"isLeftLabel":[516,"is-left-label"],"size":[513],"isRequired":[516,"is-required"],"isDisabled":[1540,"is-disabled"],"errorMessage":[1537,"error-message"],"isValid":[1540,"is-valid"],"keepMouseFocus":[516,"keep-mouse-focus"],"matchContentWidth":[516,"match-content-width"],"textAlign":[513,"text-align"],"eventData":[8,"event-data"],"isTracking":[4,"is-tracking"],"trackingData":[16],"dataTestSuffix":[520,"data-test-suffix"],"timeType":[1537,"time-type"],"timeFormat":[32],"setValue":[64],"toggleDisable":[64],"validateForRequired":[64],"clearValue":[64],"validate":[64]}]]