[[33,"aux-notification",{"closeIconClickedCallback":[16],"message":[513],"header":[513],"buttons":[16],"notificationStyle":[513,"notification-style"],"isToast":[516,"is-toast"],"toastType":[513,"toast-type"],"toastTimeout":[2,"toast-timeout"],"isTracking":[4,"is-tracking"],"trackingData":[16],"keepMouseFocus":[4,"keep-mouse-focus"],"dataTestSuffix":[8,"data-test-suffix"],"eventData":[8,"event-data"],"showCloseIcon":[4,"show-close-icon"],"showMessageCount":[4,"show-message-count"],"focusSource":[32],"close":[64]},[[0,"keydown","keyDownHandler"]]],[33,"aux-notification-group",{"mode":[513],"type":[513],"openOnLoad":[516,"open-on-load"],"config":[16],"isTracking":[4,"is-tracking"],"trackingData":[16],"dataTestSuffix":[8,"data-test-suffix"],"eventData":[8,"event-data"],"politeness":[1],"keepMouseFocus":[4,"keep-mouse-focus"],"close":[64],"open":[64]},[[0,"notificationIconClicked","notificationGroupCloseHandler"]]]]