[[33,"aux-date-picker",{"label":[513],"isLeftLabel":[516,"is-left-label"],"isFooterVisible":[516,"is-footer-visible"],"footerLabel":[513,"footer-label"],"hasFooterLabel":[516,"has-footer-label"],"hasFooterSettings":[516,"has-footer-settings"],"hasTodayInFooter":[516,"has-today-in-footer"],"keepTodayEnabled":[516,"keep-today-enabled"],"isFooterDisabled":[516,"is-footer-disabled"],"settingsSelectData":[16],"minYear":[514,"min-year"],"maxYear":[514,"max-year"],"minDate":[513,"min-date"],"maxDate":[513,"max-date"],"filterMonths":[516,"filter-months"],"initWithToday":[516,"init-with-today"],"value":[1537],"relativeDateValue":[513,"relative-date-value"],"isRelativeDate":[1540,"is-relative-date"],"isComboDate":[516,"is-combo-date"],"keepRelativeDate":[1540,"keep-relative-date"],"maskOptions":[16],"closeCalendarOnBlur":[516,"close-calendar-on-blur"],"dateFormat":[1537,"date-format"],"inputType":[513,"input-type"],"size":[513],"trigger":[513],"overridePlacement":[513,"override-placement"],"eventData":[16],"holidays":[16],"disableWeekends":[516,"disable-weekends"],"disabledDates":[16],"sourceElementCustomClass":[16],"targetElementCustomClass":[16],"isOpen":[1540,"is-open"],"isRequired":[1540,"is-required"],"isDisabled":[1540,"is-disabled"],"errorMessage":[1537,"error-message"],"isValid":[1540,"is-valid"],"skipValidation":[516,"skip-validation"],"validator":[16],"isTracking":[4,"is-tracking"],"trackingData":[16],"dataTestSuffix":[520,"data-test-suffix"],"keepMouseFocus":[516,"keep-mouse-focus"],"assistiveText":[513,"assistive-text"],"type":[32],"showInputMaskElementComboStyle":[32],"setValue":[64],"setDateFormatValue":[64],"toggleDisable":[64],"validateForRequired":[64],"open":[64],"close":[64],"updatePosition":[64],"clearValue":[64],"validate":[64]},[[0,"calendarConnected","openCalendar"]]]]