[[33,"aux-text-area",{"value":[1537],"validator":[16],"isRequired":[4,"is-required"],"label":[513],"assistiveText":[1,"assistive-text"],"isLeftLabel":[4,"is-left-label"],"placeholder":[513],"isDisabled":[1540,"is-disabled"],"isVerticalResizeDisabled":[4,"is-vertical-resize-disabled"],"isHorizontalResizeDisabled":[4,"is-horizontal-resize-disabled"],"isResizeDisabled":[4,"is-resize-disabled"],"errorMessage":[1537,"error-message"],"isValid":[1540,"is-valid"],"isTracking":[4,"is-tracking"],"trackingData":[16],"selectionStart":[1026,"selection-start"],"selectionEnd":[1026,"selection-end"],"selectionDirection":[1025,"selection-direction"],"keepFocused":[4,"keep-focused"],"dataTestSuffix":[8,"data-test-suffix"],"keepMouseFocus":[4,"keep-mouse-focus"],"focusSource":[32],"setValue":[64],"toggleDisable":[64],"validateForRequired":[64],"validate":[64],"getSelectionProps":[64],"makeSelection":[64]}]]