[[33,"aux-pill",{"isTracking":[4,"is-tracking"],"trackingData":[16],"displayValue":[1537,"display-value"],"metadata":[8],"type":[513],"size":[513],"isDisabled":[516,"is-disabled"],"isLocked":[516,"is-locked"],"inlineMenuData":[16],"calendarProps":[8,"calendar-props"],"dataTestSuffix":[8,"data-test-suffix"],"keepMouseFocus":[4,"keep-mouse-focus"],"containerState":[32],"sideButtonState":[32],"inputState":[32],"overlayState":[32],"setClearHover":[64],"getClearHover":[64],"toggleFocusSource":[64]},[[10,"click","windowClickHandler"],[1,"mousedown","mouseDownHandler"],[1,"touchstart","touchStartHandler"],[0,"focus","focusHandler"],[0,"keydown","keyDownHandler"],[0,"calendarConnected","openCalendar"]]]]