[[33,"aux-segmented-control",{"data":[1040],"isMultiSelect":[516,"is-multi-select"],"activeControlIndex":[2,"active-control-index"],"size":[1],"isTrailingMenu":[516,"is-trailing-menu"],"trailingMenuLabel":[513,"trailing-menu-label"],"trailingMenuIcon":[1,"trailing-menu-icon"],"trailingMenuAssistiveText":[1,"trailing-menu-assistive-text"],"closePopover":[1028,"close-popover"],"assistiveLabel":[1,"assistive-label"],"isTracking":[4,"is-tracking"],"trackingData":[16],"dataTestSuffix":[8,"data-test-suffix"],"keepMouseFocus":[4,"keep-mouse-focus"],"focusSource":[32]},[[0,"popoverClosed","popoverClosedHandler"],[0,"keydown","keyDownHandler"]]]]