[[33,"aux-primary-navigation",{"type":[1537],"isSearchEnabled":[516,"is-search-enabled"],"isResponsiveNav":[4,"is-responsive-nav"],"isFirstRouteActive":[516,"is-first-route-active"],"overflowMenuItems":[1040],"overflowDebounceTime":[1026,"overflow-debounce-time"],"searchFieldProps":[8,"search-field-props"],"isCustomAppHeader":[4,"is-custom-app-header"],"isSmallPrimaryNavigation":[4,"is-small-primary-navigation"],"isTracking":[4,"is-tracking"],"trackingData":[16],"hasLogo":[516,"has-logo"],"customLogo":[513,"custom-logo"],"logoLabel":[513,"logo-label"],"dataTestSuffix":[8,"data-test-suffix"],"searchFieldMinWidthInRem":[514,"search-field-min-width-in-rem"],"isSticky":[32],"isStickyAppHeader":[32],"isAladdinLogoVisible":[32],"isOverflowVisible":[32],"isOverflowSearchVisible":[32],"isLogoBlockingRoutes":[32],"getSearchFiledRef":[64],"setActive":[64]}],[33,"aux-primary-navigation-item",{"type":[513],"label":[513],"iconType":[513,"icon-type"],"isActive":[1540,"is-active"],"eventData":[8,"event-data"],"isTracking":[4,"is-tracking"],"trackingData":[16],"keepMouseFocus":[4,"keep-mouse-focus"],"assistiveText":[1,"assistive-text"],"dataTestSuffix":[8,"data-test-suffix"],"focusSource":[32]}]]