[[38,"aux-modal",{"header":[513],"headingLevel":[514,"heading-level"],"type":[513],"isLarge":[4,"is-large"],"hasGreyContentArea":[4,"has-grey-content-area"],"hasCustomHeader":[516,"has-custom-header"],"hasCustomFooter":[516,"has-custom-footer"],"hasContentPadding":[516,"has-content-padding"],"isOpen":[1540,"is-open"],"isEscapeDisabled":[516,"is-escape-disabled"],"closeAllModalsOnEscape":[516,"close-all-modals-on-escape"],"isTracking":[4,"is-tracking"],"trackingData":[16],"hasTopBorder":[4,"has-top-border"],"dataTestSuffix":[8,"data-test-suffix"],"eventData":[8,"event-data"],"keepMouseFocus":[4,"keep-mouse-focus"],"mouseFocus":[32],"open":[64],"close":[64]}]]