[[33,"aux-calendar",{"minYear":[1538,"min-year"],"maxYear":[1538,"max-year"],"minDate":[513,"min-date"],"maxDate":[513,"max-date"],"filterMonths":[516,"filter-months"],"initWithToday":[516,"init-with-today"],"value":[1537],"isCalendarVisible":[516,"is-calendar-visible"],"dateFormat":[1537,"date-format"],"datePickerRef":[16],"eventData":[16],"holidays":[16],"disableWeekends":[516,"disable-weekends"],"disabledDates":[16],"hasCalendarFooter":[516,"has-calendar-footer"],"isFooterDisabled":[516,"is-footer-disabled"],"footerLabel":[1537,"footer-label"],"hasFooterLabel":[516,"has-footer-label"],"hasFooterSettings":[516,"has-footer-settings"],"hasTodayInFooter":[516,"has-today-in-footer"],"keepTodayEnabled":[516,"keep-today-enabled"],"settingsSelectData":[16],"isTracking":[4,"is-tracking"],"trackingData":[16],"dataTestSuffix":[520,"data-test-suffix"],"keepMouseFocus":[516,"keep-mouse-focus"],"today":[32],"activeMonth":[32],"activeYear":[32],"activeDate":[32],"activeCalendar":[32],"inputValueMoment":[32],"focusSource":[32],"isSettingsVisible":[32],"isPrevDisabled":[32],"isNextDisabled":[32],"openSettings":[64],"closeSettings":[64],"close":[64],"updatePosition":[64]},[[0,"calendarSettingsConnected","openCalendarSettings"],[0,"selectionChanged","selectionChangedHandler"],[0,"dropdownOpened","dropdownOpenedChangedHandler"]]],[33,"aux-calendar-settings",{"isSettingsVisible":[516,"is-settings-visible"],"dateFormat":[513,"date-format"],"eventData":[16],"settingsSelectData":[16],"dataTestSuffix":[520,"data-test-suffix"],"keepMouseFocus":[516,"keep-mouse-focus"],"activeCalendar":[32]},[[0,"selectionChanged","selectionChangedHandler"]]]]