[[33,"aux-app-header",{"appName":[513,"app-name"],"isSticky":[516,"is-sticky"],"isSmallHeader":[4,"is-small-header"],"isCustomHeader":[4,"is-custom-header"],"isTracking":[4,"is-tracking"],"trackingData":[16],"dataTestSuffix":[8,"data-test-suffix"],"keepMouseFocus":[4,"keep-mouse-focus"],"appLogo":[1,"app-logo"],"headerBadgeText":[1,"header-badge-text"],"hasLogo":[516,"has-logo"],"isAppNameClickable":[4,"is-app-name-clickable"],"focusSource":[32]},[[0,"optionClicked","onOptionClickedHandler"],[1,"touchstart","touchStartHandler"],[0,"keydown","keyDownHandler"]]],[33,"aux-menu-nav",{"label":[513],"icon":[513],"buttonType":[513,"button-type"],"assistiveText":[1,"assistive-text"],"alertNumber":[514,"alert-number"],"isTracking":[4,"is-tracking"],"trackingData":[16],"dataTestSuffix":[8,"data-test-suffix"],"keepMouseFocus":[516,"keep-mouse-focus"],"eventData":[8,"event-data"],"focusSource":[32],"_alertString":[32]}],[34,"aux-app-logo",{"type":[513],"appName":[513,"app-name"],"appLabel":[513,"app-label"],"isDisabled":[516,"is-disabled"],"isWhiteText":[516,"is-white-text"],"keepMouseFocus":[4,"keep-mouse-focus"],"isClickable":[4,"is-clickable"],"isTracking":[4,"is-tracking"],"trackingData":[16],"dataTestSuffix":[8,"data-test-suffix"],"focusSource":[32]},[[0,"keydown","keyDownHandler"]]]]