[[33,"aux-button",{"isDisabled":[516,"is-disabled"],"label":[1537],"assistiveText":[1,"assistive-text"],"splitAssistiveText":[1,"split-assistive-text"],"icon":[1537],"type":[1537],"size":[1537],"isDualState":[516,"is-dual-state"],"isIconRight":[1540,"is-icon-right"],"splitIcon":[513,"split-icon"],"isTracking":[4,"is-tracking"],"trackingData":[16],"keepMouseFocus":[4,"keep-mouse-focus"],"isFocusable":[516,"is-focusable"],"dataTestSuffix":[8,"data-test-suffix"],"ariaConfig":[16],"splitAriaConfig":[16],"isOnDualState":[1540,"is-on-dual-state"],"shouldToggleStateOnClick":[516,"should-toggle-state-on-click"],"iconState":[32],"splitIconState":[32],"focusSource":[32],"isMainActive":[32],"isSplitActive":[32],"spaceKeyDualState":[32],"focusMainBtn":[64]}]]