[[33,"aux-uploader",{"type":[513],"multiple":[516],"accept":[1],"maxFileSize":[2,"max-file-size"],"isLoading":[1540,"is-loading"],"isDisabled":[516,"is-disabled"],"isTracking":[4,"is-tracking"],"trackingData":[16],"dataTestSuffix":[8,"data-test-suffix"],"keepMouseFocus":[4,"keep-mouse-focus"],"componentType":[32],"selectedFilesInfo":[32],"selectedFiles":[32],"dragOver":[32],"size":[32],"shouldDisplayIcon":[32],"uploadError":[32],"focusSource":[32],"clear":[64],"updateProgress":[64],"updateValid":[64]}]]