[[33,"aux-date-picker-range",{"startDateLabel":[513,"start-date-label"],"endDateLabel":[513,"end-date-label"],"startAssistiveText":[513,"start-assistive-text"],"endAssistiveText":[513,"end-assistive-text"],"startDateValue":[1537,"start-date-value"],"endDateValue":[1537,"end-date-value"],"startDateRelativeValue":[513,"start-date-relative-value"],"endDateRelativeValue":[513,"end-date-relative-value"],"isLeftLabel":[516,"is-left-label"],"dateFormat":[513,"date-format"],"inputType":[513,"input-type"],"minYear":[514,"min-year"],"maxYear":[514,"max-year"],"minDate":[513,"min-date"],"maxDate":[513,"max-date"],"filterMonths":[516,"filter-months"],"initWithToday":[516,"init-with-today"],"isFooterVisible":[516,"is-footer-visible"],"footerLabel":[513,"footer-label"],"hasFooterSettings":[516,"has-footer-settings"],"settingsSelectData":[16],"holidays":[16],"disabledDates":[16],"isRelativeDate":[516,"is-relative-date"],"isRelativeStartDate":[1540,"is-relative-start-date"],"isRelativeEndDate":[1540,"is-relative-end-date"],"keepRelativeDate":[516,"keep-relative-date"],"keepRelativeStartDate":[1540,"keep-relative-start-date"],"keepRelativeEndDate":[1540,"keep-relative-end-date"],"isComboDate":[516,"is-combo-date"],"isComboStartDate":[1540,"is-combo-start-date"],"isComboEndDate":[1540,"is-combo-end-date"],"closeCalendarOnBlur":[516,"close-calendar-on-blur"],"inBetweenLabel":[513,"in-between-label"],"size":[513],"isRequired":[516,"is-required"],"isDisabled":[1540,"is-disabled"],"errorMessage":[1537,"error-message"],"isValid":[1540,"is-valid"],"skipValidation":[516,"skip-validation"],"validator":[16],"isTracking":[4,"is-tracking"],"trackingData":[16],"dataTestSuffix":[520,"data-test-suffix"],"groupAssistiveText":[513,"group-assistive-text"],"eventData":[16],"isStacked":[4,"is-stacked"],"keepMouseFocus":[516,"keep-mouse-focus"],"startDateMaxDate":[32],"endDateMinDate":[32],"setValue":[64],"toggleDisable":[64],"validateForRequired":[64],"clearValue":[64],"validate":[64]},[[0,"valueChanged","valueChangeHandler"]]]]