[[33,"aux-time-entry-range",{"startValue":[1537,"start-value"],"startLabel":[513,"start-label"],"endValue":[1537,"end-value"],"startAssistiveText":[1,"start-assistive-text"],"endAssistiveText":[1,"end-assistive-text"],"endLabel":[513,"end-label"],"isLeftLabel":[4,"is-left-label"],"isTwelveHourTimeFormat":[1028,"is-twelve-hour-time-format"],"hasTimescale":[4,"has-timescale"],"label":[513],"assistiveText":[1,"assistive-text"],"size":[1],"matchContentWidth":[4,"match-content-width"],"isRequired":[4,"is-required"],"isDisabled":[1540,"is-disabled"],"errorMessage":[1537,"error-message"],"isValid":[1540,"is-valid"],"validator":[16],"isTracking":[4,"is-tracking"],"trackingData":[16],"dataTestSuffix":[8,"data-test-suffix"],"eventData":[8,"event-data"],"inputType":[513,"input-type"],"keepMouseFocus":[516,"keep-mouse-focus"],"_startTime":[32],"_endTime":[32],"setValue":[64],"toggleDisable":[64],"validateForRequired":[64],"validate":[64],"isValidRange":[64],"getStartTimeElement":[64],"getEndTimeElement":[64]},[[0,"dropdownOpened","handleSelectOpened"],[0,"dropdownClosed","handleSelectClosed"],[0,"selectionChanged","selectionChangeHandler"],[0,"valueChanged","valueChangeHandler"],[0,"focusChanged","focusChangeHandler"],[0,"blurChanged","blurChangeHandler"],[0,"rawValueChanged","rawValueChangeHandler"]]]]