[[33,"aux-tab-content",{"uid":[513],"label":[513],"isTracking":[4,"is-tracking"],"trackingData":[16],"isVisible":[4,"is-visible"],"dataTestSuffix":[8,"data-test-suffix"],"parentContainerHost":[16]}],[33,"aux-tab",{"tabType":[513,"tab-type"],"width":[2],"keepMouseFocus":[1028,"keep-mouse-focus"],"focusSource":[1025,"focus-source"],"label":[1537],"isEditable":[4,"is-editable"],"isDeletable":[4,"is-deletable"],"isDisabled":[516,"is-disabled"],"isSelected":[1540,"is-selected"],"isLastTab":[1540,"is-last-tab"],"uid":[1025],"eventData":[8,"event-data"],"isMoreTab":[4,"is-more-tab"],"isDraggable":[4,"is-draggable"],"isTracking":[4,"is-tracking"],"trackingData":[16],"isPinned":[4,"is-pinned"],"dataTestSuffix":[8,"data-test-suffix"],"parentContainerHost":[16],"isFocused":[32],"isTabFocused":[32],"isEditing":[32],"contentEditable":[32],"hoverClose":[32],"iconState":[32]},[[0,"keydown","handleKeyDown"],[0,"inputBlur","onInputBlurHandler"]]]]