[[33,"aux-tab-group",{"tabType":[513,"tab-type"],"isDeletable":[516,"is-deletable"],"isEditable":[516,"is-editable"],"isDraggable":[4,"is-draggable"],"hasAddTab":[4,"has-add-tab"],"activeIndex":[514,"active-index"],"activeUid":[513,"active-uid"],"numVisibleTabs":[1538,"num-visible-tabs"],"shouldCalculateVisibleTabs":[4,"should-calculate-visible-tabs"],"label":[513],"hasBottomBorder":[4,"has-bottom-border"],"deleteCallback":[16],"selectCallback":[16],"isTracking":[4,"is-tracking"],"trackingData":[16],"dataTestSuffix":[8,"data-test-suffix"],"keepMouseFocus":[1028,"keep-mouse-focus"],"deleteLastTab":[4,"delete-last-tab"],"addButtonLabel":[513,"add-button-label"],"focusSource":[32],"hiddenTabs":[32],"recalculateVisibleTabs":[64],"updateTabs":[64],"removeTab":[64],"onTabConnectedHandler":[64],"onTabDisconnectedHandler":[64],"onTabContentConnectedHandler":[64],"onTabContentDisconnectedHandler":[64]},[[0,"selected","selectTabHandler"],[0,"tabUidChanged","tabUidChangeHandler"],[0,"deleted","deleteTabHandler"],[0,"edited","tabEditedHandler"],[0,"newTabCreated","onNewTabCreated"],[0,"dragDropEnd","dragEndHandler"],[0,"dragDropStart","dragStartHandler"],[0,"newTabContentCreated","onNewTabContentCreated"],[0,"inlineMenuItemClicked","inlineMenuItemSelectedHandler"],[0,"keydown","handleKeyDown"],[0,"getInput","getInputHandler"]]]]