[[33,"aux-type-ahead",{"isLeftLabel":[4,"is-left-label"],"autoFocus":[516,"auto-focus"],"isContinuous":[4,"is-continuous"],"ignorePattern":[16],"isOpen":[516,"is-open"],"isLoading":[516,"is-loading"],"validator":[16],"type":[513],"label":[513],"assistiveText":[1,"assistive-text"],"keepMouseFocus":[4,"keep-mouse-focus"],"highlightMode":[1,"highlight-mode"],"data":[1040],"initialStateData":[1040],"pillbox":[1040],"hasUniquePills":[4,"has-unique-pills"],"addButton":[4,"add-button"],"size":[1],"debounceTime":[2,"debounce-time"],"throttleTime":[2,"throttle-time"],"filterResults":[4,"filter-results"],"isDisabled":[1540,"is-disabled"],"isRequired":[4,"is-required"],"errorMessage":[1537,"error-message"],"isValid":[1540,"is-valid"],"isTextUpperCase":[4,"is-text-upper-case"],"placeholder":[513],"inputValue":[1537,"input-value"],"matchValue":[513,"match-value"],"shouldCloseOverlays":[4,"should-close-overlays"],"suggestionType":[1,"suggestion-type"],"dropdownOffsetWidth":[2,"dropdown-offset-width"],"clearOnSelection":[4,"clear-on-selection"],"isTracking":[4,"is-tracking"],"trackingData":[16],"dataTestSuffix":[8,"data-test-suffix"],"isSearchBox":[4,"is-search-box"],"customNoResultsMessage":[1,"custom-no-results-message"],"addButtonLabel":[1,"add-button-label"],"componentType":[32],"hasInputFocus":[32],"hasMatches":[32],"isOverlayOpen":[32],"focusSource":[32],"open":[64],"close":[64],"toggleDisable":[64],"validate":[64],"setValue":[64],"validateForRequired":[64]}]]