[[33,"aux-link",{"label":[513],"hasNavigationMenu":[516,"has-navigation-menu"],"isDisabled":[516,"is-disabled"],"href":[513],"target":[1],"isTracking":[4,"is-tracking"],"trackingData":[16],"keepMouseFocus":[4,"keep-mouse-focus"],"dataTestSuffix":[8,"data-test-suffix"],"ariaConfig":[16],"isFocusable":[1540,"is-focusable"],"activateOnEnter":[4,"activate-on-enter"],"focusSource":[32],"isActive":[32],"iconState":[32],"focusLink":[64]},[[1,"mouseenter","mouseEnterListener"],[1,"mouseleave","mouseLeaveListener"]]]]