[[33,"aux-select",{"maxDropdownHeight":[2,"max-dropdown-height"],"isLoading":[516,"is-loading"],"size":[1],"isOpen":[1540,"is-open"],"inputValueRaw":[1537,"input-value-raw"],"validator":[16],"isRequired":[4,"is-required"],"errorMessage":[1537,"error-message"],"isValid":[1540,"is-valid"],"data":[1040],"type":[513],"isDisabled":[1540,"is-disabled"],"hasInitialOptionPlaceholder":[1028,"has-initial-option-placeholder"],"label":[513],"isLeftLabel":[4,"is-left-label"],"shouldCloseOverlays":[4,"should-close-overlays"],"selected":[1025],"applyButton":[4,"apply-button"],"highlightMode":[1,"highlight-mode"],"isTracking":[4,"is-tracking"],"isClone":[4,"is-clone"],"trackingData":[16],"keepMouseFocus":[516,"keep-mouse-focus"],"assistiveText":[1,"assistive-text"],"dataTestSuffix":[8,"data-test-suffix"],"translations":[1040],"hasTooltip":[4,"has-tooltip"],"displayAllSelected":[4,"display-all-selected"],"applyButtonIsDisabled":[32],"componentType":[32],"initialOptionValue":[32],"inputValue":[32],"initialOptionState":[32],"optionsCount":[32],"validate":[64],"toggleDisable":[64],"setValue":[64],"validateForRequired":[64],"open":[64],"close":[64]}]]