[[33,"aux-column-selector",{"sourceData":[1040],"targetData":[1040],"hasSelectedOnly":[1028,"has-selected-only"],"selectedOnlyLabel":[1,"selected-only-label"],"sourceLabel":[1,"source-label"],"sourceAssistiveText":[1,"source-assistive-text"],"hasSearch":[516,"has-search"],"isDisabled":[516,"is-disabled"],"hasAggregator":[516,"has-aggregator"],"targetLabel":[513,"target-label"],"targetAssistiveText":[513,"target-assistive-text"],"hasReorder":[516,"has-reorder"],"isShowSelectedOnly":[1028,"is-show-selected-only"],"hasDragAndDrop":[4,"has-drag-and-drop"],"hasDoubleClick":[4,"has-double-click"],"hasItemTooltip":[516,"has-item-tooltip"],"tooltipCallback":[16],"customSearch":[16],"customSort":[16],"hasRemoveAll":[4,"has-remove-all"],"removeAllLabel":[1,"remove-all-label"],"sourceControlLabel":[1,"source-control-label"],"hasSourceControl":[4,"has-source-control"],"isSourceControlDisabled":[4,"is-source-control-disabled"],"multiSelection":[516,"multi-selection"],"allowDuplicates":[516,"allow-duplicates"],"containerHeight":[1,"container-height"],"isTracking":[4,"is-tracking"],"trackingData":[16],"dataTestSuffix":[8,"data-test-suffix"],"config":[16],"keepMouseFocus":[516,"keep-mouse-focus"],"isShowSelectedChecked":[32],"isSourceSelected":[32],"targetDataState":[32],"getSourceSelection":[64],"getTargetSelection":[64],"getSourceRef":[64],"getTargetRef":[64],"changeTargetListItemLabel":[64]},[[0,"dragDropEnd","dragdropEndHandler"]]],[33,"aux-advanced-tree-list",{"data":[1040],"sourceData":[1040],"searchString":[513,"search-string"],"hasSearch":[516,"has-search"],"customSearch":[16],"customSort":[16],"hasDragAndDrop":[516,"has-drag-and-drop"],"hasDragAndDropReorder":[516,"has-drag-and-drop-reorder"],"isDropTarget":[516,"is-drop-target"],"hasDoubleClick":[516,"has-double-click"],"hasItemTooltip":[516,"has-item-tooltip"],"tooltipCallback":[16],"isShowSelectedOnly":[516,"is-show-selected-only"],"hasSelectedOnly":[1540,"has-selected-only"],"selectedOnlyLabel":[513,"selected-only-label"],"sourceControlLabel":[513,"source-control-label"],"hasSourceControl":[516,"has-source-control"],"isSourceControlDisabled":[516,"is-source-control-disabled"],"hasBorder":[516,"has-border"],"isDisabled":[516,"is-disabled"],"isTracking":[4,"is-tracking"],"trackingData":[16],"dataTestSuffix":[8,"data-test-suffix"],"hasReorder":[516,"has-reorder"],"containerHeight":[513,"container-height"],"customStyle":[16],"multiSelection":[516,"multi-selection"],"allowMultipleSelection":[516,"allow-multiple-selection"],"keepMouseFocus":[516,"keep-mouse-focus"],"assistiveText":[513,"assistive-text"],"config":[16],"liveRegionText":[32],"setData":[64],"getData":[64],"getDataFlat":[64],"getSelection":[64],"getSourceSelection":[64],"unselectAll":[64],"dataMoved":[64],"selectItems":[64],"setSearchString":[64],"clearDragClasses":[64],"clearDraggedBackground":[64]},[[0,"valueChanged","searchValueChangeHandler"]]]]