[[33,"aux-picklist",{"sourceData":[1040],"targetData":[1040],"hasSelectedOnly":[1028,"has-selected-only"],"selectedOnlyLabel":[513,"selected-only-label"],"sourceLabel":[513,"source-label"],"sourceAssistiveText":[513,"source-assistive-text"],"hasSearch":[516,"has-search"],"hasTargetSearch":[516,"has-target-search"],"isDisabled":[516,"is-disabled"],"hasAggregator":[516,"has-aggregator"],"targetLabel":[1,"target-label"],"targetAssistiveText":[1,"target-assistive-text"],"hasReorder":[4,"has-reorder"],"hasMoveToTopOrBottomControls":[4,"has-move-to-top-or-bottom-controls"],"isShowSelectedOnly":[1028,"is-show-selected-only"],"hasDragAndDrop":[516,"has-drag-and-drop"],"hasDoubleClick":[516,"has-double-click"],"hasExpandedItems":[516,"has-expanded-items"],"customSearch":[16],"customTargetSearch":[16],"itemWillMoveCallback":[16],"itemWillDropToTargetCallback":[16],"itemWillDoubleClickedToTargetCallback":[16],"tooltipCallback":[16],"hasRemoveAll":[4,"has-remove-all"],"removeAllLabel":[1,"remove-all-label"],"sourceControlLabel":[1,"source-control-label"],"hasSourceControl":[4,"has-source-control"],"isSourceControlDisabled":[4,"is-source-control-disabled"],"allowDuplicates":[4,"allow-duplicates"],"isTracking":[4,"is-tracking"],"trackingData":[16],"dataTestSuffix":[8,"data-test-suffix"],"targetDataHasRemoveIcon":[4,"target-data-has-remove-icon"],"hasParentCheckbox":[4,"has-parent-checkbox"],"keepMouseFocus":[516,"keep-mouse-focus"],"config":[16],"sourceSearchFieldPlaceholder":[1025,"source-search-field-placeholder"],"targetSearchFieldPlaceholder":[1025,"target-search-field-placeholder"],"searchString":[32],"targetListSearchString":[32],"isShowSelectedChecked":[32],"isTargetSelected":[32],"hasTargetData":[32],"isSourceSelected":[32],"targetDataState":[32],"isSourceTree":[32],"focusSource":[32],"getSourceSelection":[64],"getRemainingSourceItems":[64],"getTargetSelection":[64]},[[0,"searchValueChanged","searchValueChangeHandler"]]]]