[[33,"aux-time-entry",{"value":[1537],"label":[513],"textInputLabel":[513,"text-input-label"],"isLeftLabel":[4,"is-left-label"],"isTwelveHourTimeFormat":[1540,"is-twelve-hour-time-format"],"hasTimescale":[4,"has-timescale"],"size":[1],"matchContentWidth":[4,"match-content-width"],"isRequired":[1540,"is-required"],"isDisabled":[1540,"is-disabled"],"errorMessage":[1537,"error-message"],"isValid":[1540,"is-valid"],"validator":[16],"isTracking":[4,"is-tracking"],"trackingData":[16],"dataTestSuffix":[8,"data-test-suffix"],"inputType":[513,"input-type"],"assistiveText":[1,"assistive-text"],"eventData":[8,"event-data"],"keepMouseFocus":[516,"keep-mouse-focus"],"_type":[32],"setValue":[64],"toggleDisable":[64],"validateForRequired":[64],"clearValue":[64],"validate":[64],"convertTimescale":[64]},[[0,"selectionChanged","selectionChangeHandler"],[0,"dropdownOpened","handleSelectOpened"],[0,"dropdownClosed","handleSelectClosed"]]]]