[[33,"aux-checkbox",{"size":[1],"isDisabled":[516,"is-disabled"],"isChecked":[1540,"is-checked"],"isMixed":[516,"is-mixed"],"isValid":[516,"is-valid"],"label":[513],"secondaryLabel":[513,"secondary-label"],"assistiveText":[513,"assistive-text"],"isSecondaryLabelRight":[516,"is-secondary-label-right"],"isGroup":[516,"is-group"],"isFocusable":[516,"is-focusable"],"uid":[1],"metaData":[8,"meta-data"],"eventData":[8,"event-data"],"isTracking":[4,"is-tracking"],"trackingData":[16],"dataTestSuffix":[8,"data-test-suffix"],"keepMouseFocus":[4,"keep-mouse-focus"],"focusSource":[32],"focusCheckbox":[64]}]]