[[33,"aux-tree-list",{"limitedMode":[516,"limited-mode"],"activePanelIndex":[1538,"active-panel-index"],"data":[16],"assistiveText":[1,"assistive-text"],"isChildTree":[4,"is-child-tree"],"isTracking":[4,"is-tracking"],"trackingData":[16],"dataTestSuffix":[8,"data-test-suffix"],"keepMouseFocus":[4,"keep-mouse-focus"]},[[0,"treeListToggled","treeListToggledHandler"]]],[33,"aux-expansion-panel",{"uid":[2],"label":[513],"isLink":[516,"is-link"],"metadata":[8],"data":[16],"isCollapsed":[1540,"is-collapsed"],"isDisabled":[516,"is-disabled"],"isTracking":[4,"is-tracking"],"trackingData":[16],"dataTestSuffix":[8,"data-test-suffix"],"isInitiallyFocusable":[4,"is-initially-focusable"],"keepMouseFocus":[4,"keep-mouse-focus"],"focusSource":[32],"isFocused":[32]}]]