[[33,"aux-tab-bar",{"data":[16],"activeUid":[1537,"active-uid"],"tabType":[513,"tab-type"],"widthType":[513,"width-type"],"isEditable":[516,"is-editable"],"isDraggable":[516,"is-draggable"],"useResizeObserverIE":[516,"use-resize-observer-i-e"],"scrollToActive":[4,"scroll-to-active"],"label":[513],"addButtonLabel":[513,"add-button-label"],"keepMouseFocus":[4,"keep-mouse-focus"],"dataTestSuffix":[520,"data-test-suffix"],"isTracking":[4,"is-tracking"],"trackingData":[16],"hasNavigation":[4,"has-navigation"],"backNavDisabled":[32],"nextNavDisabled":[32],"focusSource":[32],"focusableUid":[32],"updateScrollPosition":[64],"scrollItemIntoView":[64],"focusTabWithUid":[64]},[[0,"selected","onSelectTabBarItemHandler"],[0,"added","onNewTabBarItemCreated"],[0,"deleted","onDeleteTabBarItemHandler"],[0,"editing","onEditingTabBarItemHandler"],[0,"edited","onEditTabBarItemHandler"],[0,"pinned","onPinTabBarItemHandler"],[0,"action","onActionIconClickedHandler"],[0,"keydown","handleKeydown"],[0,"focused","onFocusedHandler"],[1,"mousedown","mouseDownHandler"]]],[33,"aux-tab-bar-item",{"tabType":[513,"tab-type"],"widthType":[513,"width-type"],"label":[1537],"uid":[513],"isEditable":[4,"is-editable"],"isDisabled":[516,"is-disabled"],"isSelected":[1540,"is-selected"],"isPinned":[1540,"is-pinned"],"eventData":[8,"event-data"],"badgeSlot":[16],"buttonSlot":[1,"button-slot"],"focusSource":[1537,"focus-source"],"keepMouseFocus":[4,"keep-mouse-focus"],"isTabFocused":[1540,"is-tab-focused"],"isTabFocusable":[1540,"is-tab-focusable"],"dataTestSuffix":[520,"data-test-suffix"],"isTracking":[4,"is-tracking"],"trackingData":[16],"deleteIconState":[32],"isEditing":[32],"isTabLabelFocused":[32],"isTabDeleteFocused":[32],"isTabExtraButtonFocused":[32],"isMenuOpen":[32],"focusTab":[64]},[[0,"contextMenuItemClicked","onContextMenuItemClickedHandler"],[0,"contextMenuOpened","onContextMenuOpenedHandler"],[0,"contextMenuClosed","onContextMenuClosedHandler"]]]]