[[33,"aux-faceted-filter",{"headingLevel":[2,"heading-level"],"isBorderLess":[4,"is-border-less"],"type":[513],"searchProps":[8,"search-props"],"applyButton":[516,"apply-button"],"resetAllButton":[516,"reset-all-button"],"saveButton":[516,"save-button"],"translations":[1040],"header":[516],"isTracking":[4,"is-tracking"],"trackingData":[16],"dataTestSuffix":[8,"data-test-suffix"],"eventData":[8,"event-data"],"componentType":[32],"removeFacetedFilterOption":[64],"getFacets":[64]},[[0,"facetedFilterOptionConnected","facetedFilterOptionConnected"]]],[33,"aux-faceted-filter-option",{"isInnerAccordion":[516,"is-inner-accordion"],"headingLevel":[2,"heading-level"],"type":[513],"data":[1040],"label":[513],"clear":[1540],"reset":[1540],"overflow":[1538],"limit":[1538],"limitLabel":[513,"limit-label"],"compact":[516],"sort":[1028],"sortTypes":[16],"shouldShowInfo":[516,"should-show-info"],"isTracking":[4,"is-tracking"],"trackingData":[16],"dataTestSuffix":[8,"data-test-suffix"],"isExpanded":[1540,"is-expanded"],"eventData":[8,"event-data"],"labelInfo":[32],"componentType":[32],"metadata":[32],"clearFacet":[64],"setContainerHost":[64]}]]