[[33,"aux-toggle-group",{"data":[1040],"validator":[16],"isRequired":[4,"is-required"],"isBold":[4,"is-bold"],"isDisabled":[1540,"is-disabled"],"label":[513],"assistiveText":[1,"assistive-text"],"isTracking":[4,"is-tracking"],"trackingData":[16],"dataTestSuffix":[8,"data-test-suffix"],"doesParentToggleChildren":[516,"does-parent-toggle-children"],"keepMouseFocus":[4,"keep-mouse-focus"],"setValue":[64],"toggleDisable":[64],"validateForRequired":[64]},[[0,"toggleChanged","toggleChangedHandler"]]]]