[[33,"aux-radio",{"isDisabled":[516,"is-disabled"],"isChecked":[1540,"is-checked"],"isFocusable":[1028,"is-focusable"],"isValid":[1540,"is-valid"],"label":[513],"secondaryLabel":[513,"secondary-label"],"isSecondaryLabelRight":[516,"is-secondary-label-right"],"isGroup":[516,"is-group"],"uid":[514],"eventData":[8,"event-data"],"isTracking":[4,"is-tracking"],"trackingData":[16],"dataTestSuffix":[8,"data-test-suffix"],"keepMouseFocus":[4,"keep-mouse-focus"],"focusSource":[32]},[[1,"touchstart","touchStartHandler"],[1,"mousedown","mouseDownHandler"]]]]