[[36,"aux-learn-link",{"dataTestSuffix":[8,"data-test-suffix"],"header":[513],"hideWithInsideClick":[4,"hide-with-inside-click"],"isDataPoint":[4,"is-data-point"],"target":[1],"targetElement":[8,"target-element"],"hasCloseIcon":[516,"has-close-icon"],"isOpen":[1540,"is-open"],"padding":[2],"isEnableOnHoverForDisabledTarget":[4,"is-enable-on-hover-for-disabled-target"],"isTracking":[4,"is-tracking"],"trackingData":[16],"keepMouseFocus":[4,"keep-mouse-focus"],"overridePlacement":[1,"override-placement"],"label":[513],"focusSource":[32],"updatePosition":[64],"open":[64],"close":[64]}]]