[[33,"aux-pagination-basic",{"isCounterVisible":[4,"is-counter-visible"],"isInputVisible":[4,"is-input-visible"],"numPages":[514,"num-pages"],"activePage":[1538,"active-page"],"isBackDisabled":[4,"is-back-disabled"],"isNextDisabled":[4,"is-next-disabled"],"type":[1537],"isWizard":[4,"is-wizard"],"assistiveLabel":[1,"assistive-label"],"isTracking":[4,"is-tracking"],"trackingData":[16],"keepMouseFocus":[4,"keep-mouse-focus"],"dataTestSuffix":[8,"data-test-suffix"],"eventData":[8,"event-data"],"_backIconState":[32],"_nextIconState":[32],"isBackActive":[32],"isNextActive":[32],"focusSource":[32]}]]