[[33,"aux-slider",{"type":[513],"label":[513],"assistiveText":[513,"assistive-text"],"isLeftLabel":[516,"is-left-label"],"minValue":[1026,"min-value"],"maxValue":[1026,"max-value"],"step":[1026],"hasDetents":[1028,"has-detents"],"value":[1026],"rangeStartValue":[1026,"range-start-value"],"isDisabled":[516,"is-disabled"],"size":[513],"isTracking":[4,"is-tracking"],"trackingData":[16],"dataTestSuffix":[8,"data-test-suffix"],"keepMouseFocus":[516,"keep-mouse-focus"],"fixedDecimal":[514,"fixed-decimal"],"prefixLabel":[513,"prefix-label"],"suffixLabel":[513,"suffix-label"],"inputMaskType":[1025,"input-mask-type"],"maskOptions":[16],"textAlign":[513,"text-align"],"inputWidth":[513,"input-width"],"matchContentWidth":[516,"match-content-width"],"active":[32],"activeRangeStart":[32],"moveThumbOnTop":[32],"focusSource":[32]}]]