[[38,"aux-popover",{"trigger":[513],"target":[1],"header":[513],"hideWithInsideClick":[4,"hide-with-inside-click"],"isDataPoint":[4,"is-data-point"],"targetElement":[8,"target-element"],"sourceElement":[8,"source-element"],"hasCloseIcon":[516,"has-close-icon"],"isOpen":[1540,"is-open"],"padding":[2],"isEnableOnHoverForDisabledTarget":[4,"is-enable-on-hover-for-disabled-target"],"isTracking":[4,"is-tracking"],"trackingData":[16],"keepMouseFocus":[4,"keep-mouse-focus"],"overridePlacement":[1,"override-placement"],"dataTestSuffix":[8,"data-test-suffix"],"isFacetedFilter":[4,"is-faceted-filter"],"isLearnLink":[4,"is-learn-link"],"assistiveText":[1,"assistive-text"],"focusSource":[32],"open":[64],"close":[64],"updatePosition":[64]}]]