[[38,"aux-widget-toolbar",{"moreMenuItems":[16],"linkHeaderLabel":[513,"link-header-label"],"moreMenuTrigger":[513,"more-menu-trigger"],"linkMenuTrigger":[1,"link-menu-trigger"],"enableMore":[4,"enable-more"],"enableSetting":[4,"enable-setting"],"enableLink":[4,"enable-link"],"enablePopper":[4,"enable-popper"],"enableResize":[4,"enable-resize"],"isMaximized":[1540,"is-maximized"],"isPoppedOut":[4,"is-popped-out"],"isLinked":[1540,"is-linked"],"isTracking":[4,"is-tracking"],"trackingData":[16],"keepMouseFocus":[4,"keep-mouse-focus"],"dataTestSuffix":[8,"data-test-suffix"],"linkContentElement":[32]},[[0,"inlineMenuItemClicked","moreMenuHandler"]]],[38,"aux-widget",{"hasContentPadding":[516,"has-content-padding"],"moreMenuItems":[16],"moreMenuTrigger":[1,"more-menu-trigger"],"isQuickActionBarVisible":[1540,"is-quick-action-bar-visible"],"isContentVisible":[1540,"is-content-visible"],"header":[1537],"isHeaderEditable":[516,"is-header-editable"],"isTracking":[4,"is-tracking"],"hasHeaderBottomBorder":[4,"has-header-bottom-border"],"trackingData":[16],"dataTestSuffix":[8,"data-test-suffix"],"keepMouseFocus":[4,"keep-mouse-focus"],"controlType":[513,"control-type"],"useResizeObserverIE":[4,"use-resize-observer-ie"],"focusSource":[32],"resizeWidget":[64]},[[0,"keydown","keyDownHandler"],[1,"mousedown","mouseDownHandler"],[1,"touchstart","touchStartHandler"]]]]