[[33,"aux-radio-group",{"isStacked":[1540,"is-stacked"],"errorMessage":[1537,"error-message"],"isValid":[1540,"is-valid"],"isRequired":[516,"is-required"],"label":[513],"assistiveText":[513,"assistive-text"],"data":[1040],"validator":[16],"isHeaderBold":[4,"is-header-bold"],"isTracking":[4,"is-tracking"],"trackingData":[16],"dataTestSuffix":[8,"data-test-suffix"],"keepMouseFocus":[4,"keep-mouse-focus"],"setValue":[64],"toggleDisable":[64],"validateForRequired":[64]},[[0,"radioChanged","radioChangedHandler"],[0,"keydown","handleKeyDown"]]]]