[[38,"aux-dialog",{"header":[513],"headingLevel":[514,"heading-level"],"primaryButtonLabel":[513,"primary-button-label"],"secondaryButtonLabel":[513,"secondary-button-label"],"type":[513],"isOpen":[1540,"is-open"],"hasCustomFooter":[516,"has-custom-footer"],"hasContentPadding":[516,"has-content-padding"],"isTracking":[4,"is-tracking"],"trackingData":[16],"dataTestSuffix":[8,"data-test-suffix"],"eventData":[8,"event-data"],"closeAllDialogsOnEscape":[516,"close-all-dialogs-on-escape"],"keepMouseFocus":[4,"keep-mouse-focus"],"componentType":[32],"open":[64],"close":[64]}]]